run,mode,recall_type,seconds_per_word,post_sequence_task,post_sequence_duration,position,word,recalled_word,recall_position,remembered,math_correct,math_total


24,free_recall_slow,free_recall,3.0,none,0,1,s,,2,True,0,0
24,free_recall_slow,free_recall,3.0,none,0,2,l,,8,True,0,0
24,free_recall_slow,free_recall,3.0,none,0,3,w,,3,True,0,0
24,free_recall_slow,free_recall,3.0,none,0,4,z,,,False,0,0
24,free_recall_slow,free_recall,3.0,none,0,5,v,,4,True,0,0
24,free_recall_slow,free_recall,3.0,none,0,6,g,,,False,0,0
24,free_recall_slow,free_recall,3.0,none,0,7,t,,10,True,0,0
24,free_recall_slow,free_recall,3.0,none,0,8,u,,,False,0,0
24,free_recall_slow,free_recall,3.0,none,0,9,o,,,False,0,0
24,free_recall_slow,free_recall,3.0,none,0,10,c,,,False,0,0
24,free_recall_slow,free_recall,3.0,none,0,11,f,,,False,0,0
24,free_recall_slow,free_recall,3.0,none,0,12,h,,5,True,0,0
24,free_recall_slow,free_recall,3.0,none,0,13,p,,6,True,0,0
24,free_recall_slow,free_recall,3.0,none,0,14,i,,9,True,0,0
24,free_recall_slow,free_recall,3.0,none,0,15,k,,,False,0,0
25,free_recall_slow,free_recall,3.0,none,0,1,p,,4,True,0,0
25,free_recall_slow,free_recall,3.0,none,0,2,a,,5,True,0,0
25,free_recall_slow,free_recall,3.0,none,0,3,y,,6,True,0,0
25,free_recall_slow,free_recall,3.0,none,0,4,o,,,False,0,0
25,free_recall_slow,free_recall,3.0,none,0,5,e,,7,True,0,0
25,free_recall_slow,free_recall,3.0,none,0,6,u,,8,True,0,0
25,free_recall_slow,free_recall,3.0,none,0,7,z,,9,True,0,0
25,free_recall_slow,free_recall,3.0,none,0,8,i,,10,True,0,0
25,free_recall_slow,free_recall,3.0,none,0,9,q,,16,True,0,0
25,free_recall_slow,free_recall,3.0,none,0,10,k,,,False,0,0
25,free_recall_slow,free_recall,3.0,none,0,11,n,,17,True,0,0
25,free_recall_slow,free_recall,3.0,none,0,12,l,,15,True,0,0
25,free_recall_slow,free_recall,3.0,none,0,13,f,,12,True,0,0
25,free_recall_slow,free_recall,3.0,none,0,14,c,,3,True,0,0
25,free_recall_slow,free_recall,3.0,none,0,15,x,,2,True,0,0
26,free_recall_slow,free_recall,3.0,none,0,1,f,,3,True,0,0
26,free_recall_slow,free_recall,3.0,none,0,2,u,,4,True,0,0
26,free_recall_slow,free_recall,3.0,none,0,3,h,,,False,0,0
26,free_recall_slow,free_recall,3.0,none,0,4,i,,6,True,0,0
26,free_recall_slow,free_recall,3.0,none,0,5,q,,,False,0,0
26,free_recall_slow,free_recall,3.0,none,0,6,z,,5,True,0,0
26,free_recall_slow,free_recall,3.0,none,0,7,p,,9,True,0,0
26,free_recall_slow,free_recall,3.0,none,0,8,g,,,False,0,0
26,free_recall_slow,free_recall,3.0,none,0,9,b,,,False,0,0
26,free_recall_slow,free_recall,3.0,none,0,10,o,,,False,0,0
26,free_recall_slow,free_recall,3.0,none,0,11,j,,8,True,0,0
26,free_recall_slow,free_recall,3.0,none,0,12,v,,,False,0,0
26,free_recall_slow,free_recall,3.0,none,0,13,x,,7,True,0,0
26,free_recall_slow,free_recall,3.0,none,0,14,r,,,False,0,0
26,free_recall_slow,free_recall,3.0,none,0,15,k,,1,True,0,0
27,free_recall_slow,free_recall,3.0,none,0,1,u,,6,True,0,0
27,free_recall_slow,free_recall,3.0,none,0,2,h,,5,True,0,0
27,free_recall_slow,free_recall,3.0,none,0,3,d,,7,True,0,0
27,free_recall_slow,free_recall,3.0,none,0,4,t,,9,True,0,0
27,free_recall_slow,free_recall,3.0,none,0,5,a,,8,True,0,0
27,free_recall_slow,free_recall,3.0,none,0,6,x,,,False,0,0
27,free_recall_slow,free_recall,3.0,none,0,7,q,,3,True,0,0
27,free_recall_slow,free_recall,3.0,none,0,8,o,,,False,0,0
27,free_recall_slow,free_recall,3.0,none,0,9,c,,10,True,0,0
27,free_recall_slow,free_recall,3.0,none,0,10,m,,11,True,0,0
27,free_recall_slow,free_recall,3.0,none,0,11,f,,,False,0,0
27,free_recall_slow,free_recall,3.0,none,0,12,g,,,False,0,0
27,free_recall_slow,free_recall,3.0,none,0,13,p,,1,True,0,0
27,free_recall_slow,free_recall,3.0,none,0,14,v,,2,True,0,0
27,free_recall_slow,free_recall,3.0,none,0,15,k,,4,True,0,0
28,free_recall_slow,free_recall,3.0,none,0,1,k,,7,True,0,0
28,free_recall_slow,free_recall,3.0,none,0,2,g,,9,True,0,0
28,free_recall_slow,free_recall,3.0,none,0,3,a,,,False,0,0
28,free_recall_slow,free_recall,3.0,none,0,4,h,,,False,0,0
28,free_recall_slow,free_recall,3.0,none,0,5,c,,,False,0,0
28,free_recall_slow,free_recall,3.0,none,0,6,o,,,False,0,0
28,free_recall_slow,free_recall,3.0,none,0,7,l,,,False,0,0
28,free_recall_slow,free_recall,3.0,none,0,8,t,,,False,0,0
28,free_recall_slow,free_recall,3.0,none,0,9,e,,,False,0,0
28,free_recall_slow,free_recall,3.0,none,0,10,u,,2,True,0,0
28,free_recall_slow,free_recall,3.0,none,0,11,r,,3,True,0,0
28,free_recall_slow,free_recall,3.0,none,0,12,d,,1,True,0,0
28,free_recall_slow,free_recall,3.0,none,0,13,w,,4,True,0,0
28,free_recall_slow,free_recall,3.0,none,0,14,f,,5,True,0,0
28,free_recall_slow,free_recall,3.0,none,0,15,j,,6,True,0,0
29,free_recall_slow,free_recall,3.0,none,0,1,i,,,False,0,0
29,free_recall_slow,free_recall,3.0,none,0,2,p,,,False,0,0
29,free_recall_slow,free_recall,3.0,none,0,3,z,,,False,0,0
29,free_recall_slow,free_recall,3.0,none,0,4,u,,,False,0,0
29,free_recall_slow,free_recall,3.0,none,0,5,l,,6,True,0,0
29,free_recall_slow,free_recall,3.0,none,0,6,y,,7,True,0,0
29,free_recall_slow,free_recall,3.0,none,0,7,f,,8,True,0,0
29,free_recall_slow,free_recall,3.0,none,0,8,b,,9,True,0,0
29,free_recall_slow,free_recall,3.0,none,0,9,s,,2,True,0,0
29,free_recall_slow,free_recall,3.0,none,0,10,k,,3,True,0,0
29,free_recall_slow,free_recall,3.0,none,0,11,c,,5,True,0,0
29,free_recall_slow,free_recall,3.0,none,0,12,g,,,False,0,0
29,free_recall_slow,free_recall,3.0,none,0,13,r,,4,True,0,0
29,free_recall_slow,free_recall,3.0,none,0,14,v,,,False,0,0
29,free_recall_slow,free_recall,3.0,none,0,15,m,,1,True,0,0
30,free_recall_slow,free_recall,3.0,none,0,1,o,,6,True,0,0
30,free_recall_slow,free_recall,3.0,none,0,2,z,,7,True,0,0
30,free_recall_slow,free_recall,3.0,none,0,3,p,,9,True,0,0
30,free_recall_slow,free_recall,3.0,none,0,4,h,,8,True,0,0
30,free_recall_slow,free_recall,3.0,none,0,5,g,,,False,0,0
30,free_recall_slow,free_recall,3.0,none,0,6,k,,,False,0,0
30,free_recall_slow,free_recall,3.0,none,0,7,r,,5,True,0,0
30,free_recall_slow,free_recall,3.0,none,0,8,c,,,False,0,0
30,free_recall_slow,free_recall,3.0,none,0,9,e,,2,True,0,0
30,free_recall_slow,free_recall,3.0,none,0,10,f,,3,True,0,0
30,free_recall_slow,free_recall,3.0,none,0,11,b,,,False,0,0
30,free_recall_slow,free_recall,3.0,none,0,12,u,,,False,0,0
30,free_recall_slow,free_recall,3.0,none,0,13,w,,,False,0,0
30,free_recall_slow,free_recall,3.0,none,0,14,m,,4,True,0,0
30,free_recall_slow,free_recall,3.0,none,0,15,y,,1,True,0,0
31,free_recall_slow,free_recall,3.0,none,0,1,c,,7,True,0,0
31,free_recall_slow,free_recall,3.0,none,0,2,x,,6,True,0,0
31,free_recall_slow,free_recall,3.0,none,0,3,q,,8,True,0,0
31,free_recall_slow,free_recall,3.0,none,0,4,j,,,False,0,0
31,free_recall_slow,free_recall,3.0,none,0,5,b,,,False,0,0
31,free_recall_slow,free_recall,3.0,none,0,6,f,,,False,0,0
31,free_recall_slow,free_recall,3.0,none,0,7,s,,,False,0,0
31,free_recall_slow,free_recall,3.0,none,0,8,k,,,False,0,0
31,free_recall_slow,free_recall,3.0,none,0,9,r,,,False,0,0
31,free_recall_slow,free_recall,3.0,none,0,10,p,,,False,0,0
31,free_recall_slow,free_recall,3.0,none,0,11,g,,2,True,0,0
31,free_recall_slow,free_recall,3.0,none,0,12,h,,3,True,0,0
31,free_recall_slow,free_recall,3.0,none,0,13,d,,5,True,0,0
31,free_recall_slow,free_recall,3.0,none,0,14,i,,4,True,0,0
31,free_recall_slow,free_recall,3.0,none,0,15,o,,1,True,0,0
32,free_recall_slow,free_recall,3.0,none,0,1,v,,10,True,0,0
32,free_recall_slow,free_recall,3.0,none,0,2,a,,11,True,0,0
32,free_recall_slow,free_recall,3.0,none,0,3,g,,12,True,0,0
32,free_recall_slow,free_recall,3.0,none,0,4,y,,13,True,0,0
32,free_recall_slow,free_recall,3.0,none,0,5,z,,14,True,0,0
32,free_recall_slow,free_recall,3.0,none,0,6,c,,,False,0,0
32,free_recall_slow,free_recall,3.0,none,0,7,p,,,False,0,0
32,free_recall_slow,free_recall,3.0,none,0,8,w,,7,True,0,0
32,free_recall_slow,free_recall,3.0,none,0,9,o,,3,True,0,0
32,free_recall_slow,free_recall,3.0,none,0,10,h,,8,True,0,0
32,free_recall_slow,free_recall,3.0,none,0,11,x,,1,True,0,0
32,free_recall_slow,free_recall,3.0,none,0,12,s,,2,True,0,0
32,free_recall_slow,free_recall,3.0,none,0,13,q,,5,True,0,0
32,free_recall_slow,free_recall,3.0,none,0,14,i,,4,True,0,0
32,free_recall_slow,free_recall,3.0,none,0,15,u,,6,True,0,0
33,free_recall_slow,free_recall,3.0,none,0,1,u,,7,True,0,0
33,free_recall_slow,free_recall,3.0,none,0,2,p,,8,True,0,0
33,free_recall_slow,free_recall,3.0,none,0,3,y,,,False,0,0
33,free_recall_slow,free_recall,3.0,none,0,4,k,,,False,0,0
33,free_recall_slow,free_recall,3.0,none,0,5,s,,5,True,0,0
33,free_recall_slow,free_recall,3.0,none,0,6,o,,6,True,0,0
33,free_recall_slow,free_recall,3.0,none,0,7,a,,11,True,0,0
33,free_recall_slow,free_recall,3.0,none,0,8,l,,12,True,0,0
33,free_recall_slow,free_recall,3.0,none,0,9,j,,2,True,0,0
33,free_recall_slow,free_recall,3.0,none,0,10,t,,3,True,0,0
33,free_recall_slow,free_recall,3.0,none,0,11,f,,,False,0,0
33,free_recall_slow,free_recall,3.0,none,0,12,c,,,False,0,0
33,free_recall_slow,free_recall,3.0,none,0,13,v,,,False,0,0
33,free_recall_slow,free_recall,3.0,none,0,14,e,,4,True,0,0
33,free_recall_slow,free_recall,3.0,none,0,15,q,,1,True,0,0
34,free_recall_slow,free_recall,3.0,none,0,1,c,,7,True,0,0
34,free_recall_slow,free_recall,3.0,none,0,2,b,,8,True,0,0
34,free_recall_slow,free_recall,3.0,none,0,3,q,,,False,0,0
34,free_recall_slow,free_recall,3.0,none,0,4,g,,,False,0,0
34,free_recall_slow,free_recall,3.0,none,0,5,j,,,False,0,0
34,free_recall_slow,free_recall,3.0,none,0,6,u,,,False,0,0
34,free_recall_slow,free_recall,3.0,none,0,7,l,,,False,0,0
34,free_recall_slow,free_recall,3.0,none,0,8,d,,,False,0,0
34,free_recall_slow,free_recall,3.0,none,0,9,n,,3,True,0,0
34,free_recall_slow,free_recall,3.0,none,0,10,m,,4,True,0,0
34,free_recall_slow,free_recall,3.0,none,0,11,h,,5,True,0,0
34,free_recall_slow,free_recall,3.0,none,0,12,k,,6,True,0,0
34,free_recall_slow,free_recall,3.0,none,0,13,e,,,False,0,0
34,free_recall_slow,free_recall,3.0,none,0,14,i,,1,True,0,0
34,free_recall_slow,free_recall,3.0,none,0,15,t,,2,True,0,0
35,free_recall_slow,free_recall,3.0,none,0,1,a,,8,True,0,0
35,free_recall_slow,free_recall,3.0,none,0,2,d,,9,True,0,0
35,free_recall_slow,free_recall,3.0,none,0,3,l,,10,True,0,0
35,free_recall_slow,free_recall,3.0,none,0,4,g,,11,True,0,0
35,free_recall_slow,free_recall,3.0,none,0,5,q,,2,True,0,0
35,free_recall_slow,free_recall,3.0,none,0,6,j,,3,True,0,0
35,free_recall_slow,free_recall,3.0,none,0,7,w,,6,True,0,0
35,free_recall_slow,free_recall,3.0,none,0,8,c,,5,True,0,0
35,free_recall_slow,free_recall,3.0,none,0,9,n,,,False,0,0
35,free_recall_slow,free_recall,3.0,none,0,10,k,,,False,0,0
35,free_recall_slow,free_recall,3.0,none,0,11,t,,4,True,0,0
35,free_recall_slow,free_recall,3.0,none,0,12,f,,,False,0,0
35,free_recall_slow,free_recall,3.0,none,0,13,x,,,False,0,0
35,free_recall_slow,free_recall,3.0,none,0,14,r,,,False,0,0
35,free_recall_slow,free_recall,3.0,none,0,15,e,,1,True,0,0
36,free_recall_slow,free_recall,3.0,none,0,1,o,,,False,0,0
36,free_recall_slow,free_recall,3.0,none,0,2,j,,4,True,0,0
36,free_recall_slow,free_recall,3.0,none,0,3,x,,6,True,0,0
36,free_recall_slow,free_recall,3.0,none,0,4,l,,7,True,0,0
36,free_recall_slow,free_recall,3.0,none,0,5,f,,5,True,0,0
36,free_recall_slow,free_recall,3.0,none,0,6,c,,,False,0,0
36,free_recall_slow,free_recall,3.0,none,0,7,y,,,False,0,0
36,free_recall_slow,free_recall,3.0,none,0,8,b,,,False,0,0
36,free_recall_slow,free_recall,3.0,none,0,9,q,,3,True,0,0
36,free_recall_slow,free_recall,3.0,none,0,10,k,,,False,0,0
36,free_recall_slow,free_recall,3.0,none,0,11,t,,9,True,0,0
36,free_recall_slow,free_recall,3.0,none,0,12,z,,8,True,0,0
36,free_recall_slow,free_recall,3.0,none,0,13,n,,10,True,0,0
36,free_recall_slow,free_recall,3.0,none,0,14,a,,2,True,0,0
36,free_recall_slow,free_recall,3.0,none,0,15,s,,1,True,0,0
37,free_recall_slow,free_recall,3.0,none,0,1,e,,,False,0,0
37,free_recall_slow,free_recall,3.0,none,0,2,c,,,False,0,0
37,free_recall_slow,free_recall,3.0,none,0,3,w,,,False,0,0
37,free_recall_slow,free_recall,3.0,none,0,4,r,,,False,0,0
37,free_recall_slow,free_recall,3.0,none,0,5,j,,5,True,0,0
37,free_recall_slow,free_recall,3.0,none,0,6,b,,8,True,0,0
37,free_recall_slow,free_recall,3.0,none,0,7,n,,,False,0,0
37,free_recall_slow,free_recall,3.0,none,0,8,h,,,False,0,0
37,free_recall_slow,free_recall,3.0,none,0,9,g,,,False,0,0
37,free_recall_slow,free_recall,3.0,none,0,10,f,,,False,0,0
37,free_recall_slow,free_recall,3.0,none,0,11,p,,,False,0,0
37,free_recall_slow,free_recall,3.0,none,0,12,o,,1,True,0,0
37,free_recall_slow,free_recall,3.0,none,0,13,u,,2,True,0,0
37,free_recall_slow,free_recall,3.0,none,0,14,d,,3,True,0,0
37,free_recall_slow,free_recall,3.0,none,0,15,k,,4,True,0,0
38,free_recall_slow,free_recall,3.0,none,0,1,o,,7,True,0,0
38,free_recall_slow,free_recall,3.0,none,0,2,a,,8,True,0,0
38,free_recall_slow,free_recall,3.0,none,0,3,l,,10,True,0,0
38,free_recall_slow,free_recall,3.0,none,0,4,t,,9,True,0,0
38,free_recall_slow,free_recall,3.0,none,0,5,q,,12,True,0,0
38,free_recall_slow,free_recall,3.0,none,0,6,w,,4,True,0,0
38,free_recall_slow,free_recall,3.0,none,0,7,i,,11,True,0,0
38,free_recall_slow,free_recall,3.0,none,0,8,d,,2,True,0,0
38,free_recall_slow,free_recall,3.0,none,0,9,j,,3,True,0,0
38,free_recall_slow,free_recall,3.0,none,0,10,f,,,False,0,0
38,free_recall_slow,free_recall,3.0,none,0,11,c,,,False,0,0
38,free_recall_slow,free_recall,3.0,none,0,12,v,,,False,0,0
38,free_recall_slow,free_recall,3.0,none,0,13,n,,5,True,0,0
38,free_recall_slow,free_recall,3.0,none,0,14,p,,6,True,0,0
38,free_recall_slow,free_recall,3.0,none,0,15,x,,1,True,0,0
39,free_recall_slow,free_recall,3.0,none,0,1,a,,6,True,0,0
39,free_recall_slow,free_recall,3.0,none,0,2,u,,10,True,0,0
39,free_recall_slow,free_recall,3.0,none,0,3,s,,11,True,0,0
39,free_recall_slow,free_recall,3.0,none,0,4,e,,12,True,0,0
39,free_recall_slow,free_recall,3.0,none,0,5,i,,,False,0,0
39,free_recall_slow,free_recall,3.0,none,0,6,f,,,False,0,0
39,free_recall_slow,free_recall,3.0,none,0,7,g,,,False,0,0
39,free_recall_slow,free_recall,3.0,none,0,8,y,,,False,0,0
39,free_recall_slow,free_recall,3.0,none,0,9,h,,,False,0,0
39,free_recall_slow,free_recall,3.0,none,0,10,o,,,False,0,0
39,free_recall_slow,free_recall,3.0,none,0,11,x,,,False,0,0
39,free_recall_slow,free_recall,3.0,none,0,12,c,,1,True,0,0
39,free_recall_slow,free_recall,3.0,none,0,13,m,,2,True,0,0
39,free_recall_slow,free_recall,3.0,none,0,14,r,,3,True,0,0
39,free_recall_slow,free_recall,3.0,none,0,15,k,,4,True,0,0
11,free_recall_fast,free_recall,1.0,none,0,1,o,,6,True,0,0
11,free_recall_fast,free_recall,1.0,none,0,2,n,,4,True,0,0
11,free_recall_fast,free_recall,1.0,none,0,3,m,,7,True,0,0
11,free_recall_fast,free_recall,1.0,none,0,4,i,,8,True,0,0
11,free_recall_fast,free_recall,1.0,none,0,5,y,,,False,0,0
11,free_recall_fast,free_recall,1.0,none,0,6,e,,,False,0,0
11,free_recall_fast,free_recall,1.0,none,0,7,d,,9,True,0,0
11,free_recall_fast,free_recall,1.0,none,0,8,x,,10,True,0,0
11,free_recall_fast,free_recall,1.0,none,0,9,w,,5,True,0,0
11,free_recall_fast,free_recall,1.0,none,0,10,f,,11,True,0,0
11,free_recall_fast,free_recall,1.0,none,0,11,v,,,False,0,0
11,free_recall_fast,free_recall,1.0,none,0,12,g,,3,True,0,0
11,free_recall_fast,free_recall,1.0,none,0,13,j,,2,True,0,0
11,free_recall_fast,free_recall,1.0,none,0,14,r,,,False,0,0
11,free_recall_fast,free_recall,1.0,none,0,15,h,,1,True,0,0
12,free_recall_fast,free_recall,1.0,none,0,1,v,,6,True,0,0
12,free_recall_fast,free_recall,1.0,none,0,2,w,,7,True,0,0
12,free_recall_fast,free_recall,1.0,none,0,3,c,,,False,0,0
12,free_recall_fast,free_recall,1.0,none,0,4,t,,,False,0,0
12,free_recall_fast,free_recall,1.0,none,0,5,n,,9,True,0,0
12,free_recall_fast,free_recall,1.0,none,0,6,x,,,False,0,0
12,free_recall_fast,free_recall,1.0,none,0,7,m,,10,True,0,0
12,free_recall_fast,free_recall,1.0,none,0,8,k,,,False,0,0
12,free_recall_fast,free_recall,1.0,none,0,9,o,,8,True,0,0
12,free_recall_fast,free_recall,1.0,none,0,10,u,,,False,0,0
12,free_recall_fast,free_recall,1.0,none,0,11,e,,1,True,0,0
12,free_recall_fast,free_recall,1.0,none,0,12,p,,2,True,0,0
12,free_recall_fast,free_recall,1.0,none,0,13,z,,3,True,0,0
12,free_recall_fast,free_recall,1.0,none,0,14,i,,4,True,0,0
12,free_recall_fast,free_recall,1.0,none,0,15,g,,,False,0,0
13,free_recall_fast,free_recall,1.0,none,0,1,n,,6,True,0,0
13,free_recall_fast,free_recall,1.0,none,0,2,u,,7,True,0,0
13,free_recall_fast,free_recall,1.0,none,0,3,k,,8,True,0,0
13,free_recall_fast,free_recall,1.0,none,0,4,b,,3,True,0,0
13,free_recall_fast,free_recall,1.0,none,0,5,g,,4,True,0,0
13,free_recall_fast,free_recall,1.0,none,0,6,i,,5,True,0,0
13,free_recall_fast,free_recall,1.0,none,0,7,m,,,False,0,0
13,free_recall_fast,free_recall,1.0,none,0,8,o,,,False,0,0
13,free_recall_fast,free_recall,1.0,none,0,9,l,,,False,0,0
13,free_recall_fast,free_recall,1.0,none,0,10,s,,,False,0,0
13,free_recall_fast,free_recall,1.0,none,0,11,f,,,False,0,0
13,free_recall_fast,free_recall,1.0,none,0,12,w,,,False,0,0
13,free_recall_fast,free_recall,1.0,none,0,13,d,,,False,0,0
13,free_recall_fast,free_recall,1.0,none,0,14,y,,1,True,0,0
13,free_recall_fast,free_recall,1.0,none,0,15,j,,2,True,0,0
14,free_recall_fast,free_recall,1.0,none,0,1,y,,5,True,0,0
14,free_recall_fast,free_recall,1.0,none,0,2,z,,6,True,0,0
14,free_recall_fast,free_recall,1.0,none,0,3,g,,,False,0,0
14,free_recall_fast,free_recall,1.0,none,0,4,k,,,False,0,0
14,free_recall_fast,free_recall,1.0,none,0,5,c,,,False,0,0
14,free_recall_fast,free_recall,1.0,none,0,6,p,,3,True,0,0
14,free_recall_fast,free_recall,1.0,none,0,7,a,,4,True,0,0
14,free_recall_fast,free_recall,1.0,none,0,8,l,,,False,0,0
14,free_recall_fast,free_recall,1.0,none,0,9,m,,8,True,0,0
14,free_recall_fast,free_recall,1.0,none,0,10,d,,7,True,0,0
14,free_recall_fast,free_recall,1.0,none,0,11,s,,,False,0,0
14,free_recall_fast,free_recall,1.0,none,0,12,j,,,False,0,0
14,free_recall_fast,free_recall,1.0,none,0,13,t,,,False,0,0
14,free_recall_fast,free_recall,1.0,none,0,14,f,,2,True,0,0
14,free_recall_fast,free_recall,1.0,none,0,15,o,,1,True,0,0
15,free_recall_fast,free_recall,1.0,none,0,1,b,,5,True,0,0
15,free_recall_fast,free_recall,1.0,none,0,2,u,,6,True,0,0
15,free_recall_fast,free_recall,1.0,none,0,3,q,,8,True,0,0
15,free_recall_fast,free_recall,1.0,none,0,4,y,,7,True,0,0
15,free_recall_fast,free_recall,1.0,none,0,5,g,,9,True,0,0
15,free_recall_fast,free_recall,1.0,none,0,6,k,,,False,0,0
15,free_recall_fast,free_recall,1.0,none,0,7,t,,,False,0,0
15,free_recall_fast,free_recall,1.0,none,0,8,e,,,False,0,0
15,free_recall_fast,free_recall,1.0,none,0,9,f,,,False,0,0
15,free_recall_fast,free_recall,1.0,none,0,10,p,,,False,0,0
15,free_recall_fast,free_recall,1.0,none,0,11,x,,2,True,0,0
15,free_recall_fast,free_recall,1.0,none,0,12,s,,3,True,0,0
15,free_recall_fast,free_recall,1.0,none,0,13,z,,,False,0,0
15,free_recall_fast,free_recall,1.0,none,0,14,v,,,False,0,0
15,free_recall_fast,free_recall,1.0,none,0,15,r,,,False,0,0
16,free_recall_fast,free_recall,1.0,none,0,1,j,,,False,0,0
16,free_recall_fast,free_recall,1.0,none,0,2,v,,9,True,0,0
16,free_recall_fast,free_recall,1.0,none,0,3,m,,,False,0,0
16,free_recall_fast,free_recall,1.0,none,0,4,u,,,False,0,0
16,free_recall_fast,free_recall,1.0,none,0,5,b,,6,True,0,0
16,free_recall_fast,free_recall,1.0,none,0,6,g,,7,True,0,0
16,free_recall_fast,free_recall,1.0,none,0,7,i,,8,True,0,0
16,free_recall_fast,free_recall,1.0,none,0,8,a,,4,True,0,0
16,free_recall_fast,free_recall,1.0,none,0,9,k,,5,True,0,0
16,free_recall_fast,free_recall,1.0,none,0,10,e,,,False,0,0
16,free_recall_fast,free_recall,1.0,none,0,11,h,,,False,0,0
16,free_recall_fast,free_recall,1.0,none,0,12,q,,,False,0,0
16,free_recall_fast,free_recall,1.0,none,0,13,w,,3,True,0,0
16,free_recall_fast,free_recall,1.0,none,0,14,x,,2,True,0,0
16,free_recall_fast,free_recall,1.0,none,0,15,f,,1,True,0,0
17,free_recall_fast,free_recall,1.0,none,0,1,s,,3,True,0,0
17,free_recall_fast,free_recall,1.0,none,0,2,t,,4,True,0,0
17,free_recall_fast,free_recall,1.0,none,0,3,c,,,False,0,0
17,free_recall_fast,free_recall,1.0,none,0,4,w,,6,True,0,0
17,free_recall_fast,free_recall,1.0,none,0,5,y,,5,True,0,0
17,free_recall_fast,free_recall,1.0,none,0,6,j,,,False,0,0
17,free_recall_fast,free_recall,1.0,none,0,7,x,,,False,0,0
17,free_recall_fast,free_recall,1.0,none,0,8,r,,,False,0,0
17,free_recall_fast,free_recall,1.0,none,0,9,f,,,False,0,0
17,free_recall_fast,free_recall,1.0,none,0,10,k,,8,True,0,0
17,free_recall_fast,free_recall,1.0,none,0,11,e,,,False,0,0
17,free_recall_fast,free_recall,1.0,none,0,12,q,,,False,0,0
17,free_recall_fast,free_recall,1.0,none,0,13,h,,7,True,0,0
17,free_recall_fast,free_recall,1.0,none,0,14,a,,1,True,0,0
17,free_recall_fast,free_recall,1.0,none,0,15,g,,2,True,0,0
18,free_recall_fast,free_recall,1.0,none,0,1,a,,7,True,0,0
18,free_recall_fast,free_recall,1.0,none,0,2,d,,8,True,0,0
18,free_recall_fast,free_recall,1.0,none,0,3,x,,,False,0,0
18,free_recall_fast,free_recall,1.0,none,0,4,z,,10,True,0,0
18,free_recall_fast,free_recall,1.0,none,0,5,m,,,False,0,0
18,free_recall_fast,free_recall,1.0,none,0,6,l,,,False,0,0
18,free_recall_fast,free_recall,1.0,none,0,7,b,,,False,0,0
18,free_recall_fast,free_recall,1.0,none,0,8,n,,,False,0,0
18,free_recall_fast,free_recall,1.0,none,0,9,i,,2,True,0,0
18,free_recall_fast,free_recall,1.0,none,0,10,s,,1,True,0,0
18,free_recall_fast,free_recall,1.0,none,0,11,u,,3,True,0,0
18,free_recall_fast,free_recall,1.0,none,0,12,t,,5,True,0,0
18,free_recall_fast,free_recall,1.0,none,0,13,j,,4,True,0,0
18,free_recall_fast,free_recall,1.0,none,0,14,c,,6,True,0,0
18,free_recall_fast,free_recall,1.0,none,0,15,f,,,False,0,0
19,free_recall_fast,free_recall,1.0,none,0,1,g,,,False,0,0
19,free_recall_fast,free_recall,1.0,none,0,2,w,,4,True,0,0
19,free_recall_fast,free_recall,1.0,none,0,3,p,,7,True,0,0
19,free_recall_fast,free_recall,1.0,none,0,4,e,,,False,0,0
19,free_recall_fast,free_recall,1.0,none,0,5,m,,,False,0,0
19,free_recall_fast,free_recall,1.0,none,0,6,j,,3,True,0,0
19,free_recall_fast,free_recall,1.0,none,0,7,t,,,False,0,0
19,free_recall_fast,free_recall,1.0,none,0,8,k,,,False,0,0
19,free_recall_fast,free_recall,1.0,none,0,9,o,,6,True,0,0
19,free_recall_fast,free_recall,1.0,none,0,10,s,,5,True,0,0
19,free_recall_fast,free_recall,1.0,none,0,11,f,,,False,0,0
19,free_recall_fast,free_recall,1.0,none,0,12,b,,,False,0,0
19,free_recall_fast,free_recall,1.0,none,0,13,c,,,False,0,0
19,free_recall_fast,free_recall,1.0,none,0,14,q,,1,True,0,0
19,free_recall_fast,free_recall,1.0,none,0,15,d,,2,True,0,0
20,free_recall_fast,free_recall,1.0,none,0,1,w,,,False,0,0
20,free_recall_fast,free_recall,1.0,none,0,2,p,,,False,0,0
20,free_recall_fast,free_recall,1.0,none,0,3,x,,6,True,0,0
20,free_recall_fast,free_recall,1.0,none,0,4,m,,8,True,0,0
20,free_recall_fast,free_recall,1.0,none,0,5,a,,,False,0,0
20,free_recall_fast,free_recall,1.0,none,0,6,f,,,False,0,0
20,free_recall_fast,free_recall,1.0,none,0,7,z,,,False,0,0
20,free_recall_fast,free_recall,1.0,none,0,8,l,,,False,0,0
20,free_recall_fast,free_recall,1.0,none,0,9,n,,,False,0,0
20,free_recall_fast,free_recall,1.0,none,0,10,s,,1,True,0,0
20,free_recall_fast,free_recall,1.0,none,0,11,k,,2,True,0,0
20,free_recall_fast,free_recall,1.0,none,0,12,t,,3,True,0,0
20,free_recall_fast,free_recall,1.0,none,0,13,c,,4,True,0,0
20,free_recall_fast,free_recall,1.0,none,0,14,j,,5,True,0,0
20,free_recall_fast,free_recall,1.0,none,0,15,g,,,False,0,0
21,free_recall_fast,free_recall,1.0,none,0,1,q,,,False,0,0
21,free_recall_fast,free_recall,1.0,none,0,2,z,,,False,0,0
21,free_recall_fast,free_recall,1.0,none,0,3,l,,,False,0,0
21,free_recall_fast,free_recall,1.0,none,0,4,e,,,False,0,0
21,free_recall_fast,free_recall,1.0,none,0,5,p,,,False,0,0
21,free_recall_fast,free_recall,1.0,none,0,6,w,,,False,0,0
21,free_recall_fast,free_recall,1.0,none,0,7,v,,,False,0,0
21,free_recall_fast,free_recall,1.0,none,0,8,d,,6,True,0,0
21,free_recall_fast,free_recall,1.0,none,0,9,n,,,False,0,0
21,free_recall_fast,free_recall,1.0,none,0,10,h,,,False,0,0
21,free_recall_fast,free_recall,1.0,none,0,11,j,,2,True,0,0
21,free_recall_fast,free_recall,1.0,none,0,12,r,,,False,0,0
21,free_recall_fast,free_recall,1.0,none,0,13,i,,4,True,0,0
21,free_recall_fast,free_recall,1.0,none,0,14,x,,5,True,0,0
21,free_recall_fast,free_recall,1.0,none,0,15,g,,1,True,0,0
22,free_recall_fast,free_recall,1.0,none,0,1,j,,,False,0,0
22,free_recall_fast,free_recall,1.0,none,0,2,x,,7,True,0,0
22,free_recall_fast,free_recall,1.0,none,0,3,z,,9,True,0,0
22,free_recall_fast,free_recall,1.0,none,0,4,h,,,False,0,0
22,free_recall_fast,free_recall,1.0,none,0,5,c,,,False,0,0
22,free_recall_fast,free_recall,1.0,none,0,6,e,,,False,0,0
22,free_recall_fast,free_recall,1.0,none,0,7,k,,,False,0,0
22,free_recall_fast,free_recall,1.0,none,0,8,w,,8,True,0,0
22,free_recall_fast,free_recall,1.0,none,0,9,g,,1,True,0,0
22,free_recall_fast,free_recall,1.0,none,0,10,l,,2,True,0,0
22,free_recall_fast,free_recall,1.0,none,0,11,a,,3,True,0,0
22,free_recall_fast,free_recall,1.0,none,0,12,f,,,False,0,0
22,free_recall_fast,free_recall,1.0,none,0,13,d,,6,True,0,0
22,free_recall_fast,free_recall,1.0,none,0,14,s,,5,True,0,0
22,free_recall_fast,free_recall,1.0,none,0,15,y,,4,True,0,0
23,free_recall_fast,free_recall,1.0,none,0,1,h,,1,True,0,0
23,free_recall_fast,free_recall,1.0,none,0,2,u,,2,True,0,0
23,free_recall_fast,free_recall,1.0,none,0,3,y,,3,True,0,0
23,free_recall_fast,free_recall,1.0,none,0,4,e,,4,True,0,0
23,free_recall_fast,free_recall,1.0,none,0,5,n,,5,True,0,0
23,free_recall_fast,free_recall,1.0,none,0,6,c,,6,True,0,0
23,free_recall_fast,free_recall,1.0,none,0,7,d,,7,True,0,0
23,free_recall_fast,free_recall,1.0,none,0,8,s,,,False,0,0
23,free_recall_fast,free_recall,1.0,none,0,9,o,,8,True,0,0
23,free_recall_fast,free_recall,1.0,none,0,10,l,,9,True,0,0
23,free_recall_fast,free_recall,1.0,none,0,11,k,,,False,0,0
23,free_recall_fast,free_recall,1.0,none,0,12,w,,,False,0,0
23,free_recall_fast,free_recall,1.0,none,0,13,m,,,False,0,0
23,free_recall_fast,free_recall,1.0,none,0,14,r,,,False,0,0
23,free_recall_fast,free_recall,1.0,none,0,15,g,,,False,0,0
24,free_recall_fast,free_recall,1.0,none,0,1,o,,,False,0,0
24,free_recall_fast,free_recall,1.0,none,0,2,k,,,False,0,0
24,free_recall_fast,free_recall,1.0,none,0,3,d,,6,True,0,0
24,free_recall_fast,free_recall,1.0,none,0,4,s,,,False,0,0
24,free_recall_fast,free_recall,1.0,none,0,5,f,,,False,0,0
24,free_recall_fast,free_recall,1.0,none,0,6,b,,,False,0,0
24,free_recall_fast,free_recall,1.0,none,0,7,y,,,False,0,0
24,free_recall_fast,free_recall,1.0,none,0,8,i,,5,True,0,0
24,free_recall_fast,free_recall,1.0,none,0,9,a,,4,True,0,0
24,free_recall_fast,free_recall,1.0,none,0,10,g,,9,True,0,0
24,free_recall_fast,free_recall,1.0,none,0,11,j,,,False,0,0
24,free_recall_fast,free_recall,1.0,none,0,12,p,,,False,0,0
24,free_recall_fast,free_recall,1.0,none,0,13,t,,2,True,0,0
24,free_recall_fast,free_recall,1.0,none,0,14,r,,3,True,0,0
24,free_recall_fast,free_recall,1.0,none,0,15,u,,1,True,0,0
25,free_recall_fast,free_recall,1.0,none,0,1,p,,9,True,0,0
25,free_recall_fast,free_recall,1.0,none,0,2,g,,,False,0,0
25,free_recall_fast,free_recall,1.0,none,0,3,u,,,False,0,0
25,free_recall_fast,free_recall,1.0,none,0,4,k,,,False,0,0
25,free_recall_fast,free_recall,1.0,none,0,5,e,,,False,0,0
25,free_recall_fast,free_recall,1.0,none,0,6,m,,6,True,0,0
25,free_recall_fast,free_recall,1.0,none,0,7,x,,,False,0,0
25,free_recall_fast,free_recall,1.0,none,0,8,b,,,False,0,0
25,free_recall_fast,free_recall,1.0,none,0,9,o,,8,True,0,0
25,free_recall_fast,free_recall,1.0,none,0,10,h,,3,True,0,0
25,free_recall_fast,free_recall,1.0,none,0,11,a,,2,True,0,0
25,free_recall_fast,free_recall,1.0,none,0,12,v,,4,True,0,0
25,free_recall_fast,free_recall,1.0,none,0,13,w,,7,True,0,0
25,free_recall_fast,free_recall,1.0,none,0,14,z,,1,True,0,0
25,free_recall_fast,free_recall,1.0,none,0,15,c,,,False,0,0
1,free_recall_working_memory,free_recall,3.0,multiplication,30,1,n,,1,True,6,7
1,free_recall_working_memory,free_recall,3.0,multiplication,30,2,j,,2,True,6,7
1,free_recall_working_memory,free_recall,3.0,multiplication,30,3,a,,3,True,6,7
1,free_recall_working_memory,free_recall,3.0,multiplication,30,4,b,,,False,6,7
1,free_recall_working_memory,free_recall,3.0,multiplication,30,5,z,,,False,6,7
1,free_recall_working_memory,free_recall,3.0,multiplication,30,6,k,,,False,6,7
1,free_recall_working_memory,free_recall,3.0,multiplication,30,7,x,,,False,6,7
1,free_recall_working_memory,free_recall,3.0,multiplication,30,8,l,,,False,6,7
1,free_recall_working_memory,free_recall,3.0,multiplication,30,9,m,,,False,6,7
1,free_recall_working_memory,free_recall,3.0,multiplication,30,10,g,,,False,6,7
1,free_recall_working_memory,free_recall,3.0,multiplication,30,11,f,,6,True,6,7
1,free_recall_working_memory,free_recall,3.0,multiplication,30,12,r,,4,True,6,7
1,free_recall_working_memory,free_recall,3.0,multiplication,30,13,t,,,False,6,7
1,free_recall_working_memory,free_recall,3.0,multiplication,30,14,v,,5,True,6,7
1,free_recall_working_memory,free_recall,3.0,multiplication,30,15,o,,,False,6,7
2,free_recall_working_memory,free_recall,3.0,multiplication,30,1,j,,1,True,4,5
2,free_recall_working_memory,free_recall,3.0,multiplication,30,2,a,,2,True,4,5
2,free_recall_working_memory,free_recall,3.0,multiplication,30,3,f,,3,True,4,5
2,free_recall_working_memory,free_recall,3.0,multiplication,30,4,g,,,False,4,5
2,free_recall_working_memory,free_recall,3.0,multiplication,30,5,i,,8,True,4,5
2,free_recall_working_memory,free_recall,3.0,multiplication,30,6,l,,,False,4,5
2,free_recall_working_memory,free_recall,3.0,multiplication,30,7,q,,4,True,4,5
2,free_recall_working_memory,free_recall,3.0,multiplication,30,8,z,,,False,4,5
2,free_recall_working_memory,free_recall,3.0,multiplication,30,9,c,,,False,4,5
2,free_recall_working_memory,free_recall,3.0,multiplication,30,10,m,,7,True,4,5
2,free_recall_working_memory,free_recall,3.0,multiplication,30,11,k,,9,True,4,5
2,free_recall_working_memory,free_recall,3.0,multiplication,30,12,r,,5,True,4,5
2,free_recall_working_memory,free_recall,3.0,multiplication,30,13,h,,,False,4,5
2,free_recall_working_memory,free_recall,3.0,multiplication,30,14,u,,,False,4,5
2,free_recall_working_memory,free_recall,3.0,multiplication,30,15,n,,,False,4,5
3,free_recall_working_memory,free_recall,3.0,multiplication,30,1,v,,1,True,10,11
3,free_recall_working_memory,free_recall,3.0,multiplication,30,2,m,,2,True,10,11
3,free_recall_working_memory,free_recall,3.0,multiplication,30,3,q,,3,True,10,11
3,free_recall_working_memory,free_recall,3.0,multiplication,30,4,b,,,False,10,11
3,free_recall_working_memory,free_recall,3.0,multiplication,30,5,j,,,False,10,11
3,free_recall_working_memory,free_recall,3.0,multiplication,30,6,n,,4,True,10,11
3,free_recall_working_memory,free_recall,3.0,multiplication,30,7,h,,5,True,10,11
3,free_recall_working_memory,free_recall,3.0,multiplication,30,8,e,,6,True,10,11
3,free_recall_working_memory,free_recall,3.0,multiplication,30,9,p,,7,True,10,11
3,free_recall_working_memory,free_recall,3.0,multiplication,30,10,i,,8,True,10,11
3,free_recall_working_memory,free_recall,3.0,multiplication,30,11,r,,9,True,10,11
3,free_recall_working_memory,free_recall,3.0,multiplication,30,12,c,,,False,10,11
3,free_recall_working_memory,free_recall,3.0,multiplication,30,13,z,,,False,10,11
3,free_recall_working_memory,free_recall,3.0,multiplication,30,14,u,,,False,10,11
3,free_recall_working_memory,free_recall,3.0,multiplication,30,15,l,,,False,10,11
4,free_recall_working_memory,free_recall,3.0,multiplication,30,1,m,,6,True,1,5
4,free_recall_working_memory,free_recall,3.0,multiplication,30,2,u,,7,True,1,5
4,free_recall_working_memory,free_recall,3.0,multiplication,30,3,y,,9,True,1,5
4,free_recall_working_memory,free_recall,3.0,multiplication,30,4,h,,8,True,1,5
4,free_recall_working_memory,free_recall,3.0,multiplication,30,5,c,,,False,1,5
4,free_recall_working_memory,free_recall,3.0,multiplication,30,6,j,,5,True,1,5
4,free_recall_working_memory,free_recall,3.0,multiplication,30,7,d,,,False,1,5
4,free_recall_working_memory,free_recall,3.0,multiplication,30,8,o,,,False,1,5
4,free_recall_working_memory,free_recall,3.0,multiplication,30,9,z,,,False,1,5
4,free_recall_working_memory,free_recall,3.0,multiplication,30,10,a,,,False,1,5
4,free_recall_working_memory,free_recall,3.0,multiplication,30,11,g,,,False,1,5
4,free_recall_working_memory,free_recall,3.0,multiplication,30,12,f,,1,True,1,5
4,free_recall_working_memory,free_recall,3.0,multiplication,30,13,v,,3,True,1,5
4,free_recall_working_memory,free_recall,3.0,multiplication,30,14,w,,2,True,1,5
4,free_recall_working_memory,free_recall,3.0,multiplication,30,15,i,,,False,1,5
5,free_recall_working_memory,free_recall,3.0,multiplication,30,1,w,,1,True,5,12
5,free_recall_working_memory,free_recall,3.0,multiplication,30,2,v,,2,True,5,12
5,free_recall_working_memory,free_recall,3.0,multiplication,30,3,o,,4,True,5,12
5,free_recall_working_memory,free_recall,3.0,multiplication,30,4,h,,,False,5,12
5,free_recall_working_memory,free_recall,3.0,multiplication,30,5,f,,5,True,5,12
5,free_recall_working_memory,free_recall,3.0,multiplication,30,6,s,,6,True,5,12
5,free_recall_working_memory,free_recall,3.0,multiplication,30,7,g,,7,True,5,12
5,free_recall_working_memory,free_recall,3.0,multiplication,30,8,d,,,False,5,12
5,free_recall_working_memory,free_recall,3.0,multiplication,30,9,b,,,False,5,12
5,free_recall_working_memory,free_recall,3.0,multiplication,30,10,t,,,False,5,12
5,free_recall_working_memory,free_recall,3.0,multiplication,30,11,p,,,False,5,12
5,free_recall_working_memory,free_recall,3.0,multiplication,30,12,j,,,False,5,12
5,free_recall_working_memory,free_recall,3.0,multiplication,30,13,m,,3,True,5,12
5,free_recall_working_memory,free_recall,3.0,multiplication,30,14,e,,11,True,5,12
5,free_recall_working_memory,free_recall,3.0,multiplication,30,15,a,,,False,5,12
26,free_recall_fast,free_recall,1.0,none,0,1,g,,,False,0,0
26,free_recall_fast,free_recall,1.0,none,0,2,u,,,False,0,0
26,free_recall_fast,free_recall,1.0,none,0,3,j,,,False,0,0
26,free_recall_fast,free_recall,1.0,none,0,4,k,,5,True,0,0
26,free_recall_fast,free_recall,1.0,none,0,5,s,,4,True,0,0
26,free_recall_fast,free_recall,1.0,none,0,6,y,,6,True,0,0
26,free_recall_fast,free_recall,1.0,none,0,7,t,,,False,0,0
26,free_recall_fast,free_recall,1.0,none,0,8,p,,3,True,0,0
26,free_recall_fast,free_recall,1.0,none,0,9,h,,,False,0,0
26,free_recall_fast,free_recall,1.0,none,0,10,a,,8,True,0,0
26,free_recall_fast,free_recall,1.0,none,0,11,d,,,False,0,0
26,free_recall_fast,free_recall,1.0,none,0,12,m,,9,True,0,0
26,free_recall_fast,free_recall,1.0,none,0,13,q,,2,True,0,0
26,free_recall_fast,free_recall,1.0,none,0,14,l,,7,True,0,0
26,free_recall_fast,free_recall,1.0,none,0,15,o,,1,True,0,0
1,free_recall_pause,free_recall,3.0,pause,30,1,f,,1,True,0,0
1,free_recall_pause,free_recall,3.0,pause,30,2,u,,2,True,0,0
1,free_recall_pause,free_recall,3.0,pause,30,3,h,,12,True,0,0
1,free_recall_pause,free_recall,3.0,pause,30,4,z,,3,True,0,0
1,free_recall_pause,free_recall,3.0,pause,30,5,r,,4,True,0,0
1,free_recall_pause,free_recall,3.0,pause,30,6,p,,5,True,0,0
1,free_recall_pause,free_recall,3.0,pause,30,7,g,,6,True,0,0
1,free_recall_pause,free_recall,3.0,pause,30,8,w,,,False,0,0
1,free_recall_pause,free_recall,3.0,pause,30,9,q,,11,True,0,0
1,free_recall_pause,free_recall,3.0,pause,30,10,d,,8,True,0,0
1,free_recall_pause,free_recall,3.0,pause,30,11,n,,,False,0,0
1,free_recall_pause,free_recall,3.0,pause,30,12,o,,,False,0,0
1,free_recall_pause,free_recall,3.0,pause,30,13,c,,10,True,0,0
1,free_recall_pause,free_recall,3.0,pause,30,14,m,,,False,0,0
1,free_recall_pause,free_recall,3.0,pause,30,15,a,,7,True,0,0
2,free_recall_pause,free_recall,3.0,pause,30,1,b,,,False,0,0
2,free_recall_pause,free_recall,3.0,pause,30,2,z,,,False,0,0
2,free_recall_pause,free_recall,3.0,pause,30,3,a,,5,True,0,0
2,free_recall_pause,free_recall,3.0,pause,30,4,h,,2,True,0,0
2,free_recall_pause,free_recall,3.0,pause,30,5,n,,1,True,0,0
2,free_recall_pause,free_recall,3.0,pause,30,6,l,,3,True,0,0
2,free_recall_pause,free_recall,3.0,pause,30,7,d,,,False,0,0
2,free_recall_pause,free_recall,3.0,pause,30,8,c,,,False,0,0
2,free_recall_pause,free_recall,3.0,pause,30,9,t,,8,True,0,0
2,free_recall_pause,free_recall,3.0,pause,30,10,u,,6,True,0,0
2,free_recall_pause,free_recall,3.0,pause,30,11,p,,,False,0,0
2,free_recall_pause,free_recall,3.0,pause,30,12,e,,4,True,0,0
2,free_recall_pause,free_recall,3.0,pause,30,13,i,,,False,0,0
2,free_recall_pause,free_recall,3.0,pause,30,14,f,,7,True,0,0
2,free_recall_pause,free_recall,3.0,pause,30,15,g,,,False,0,0
3,free_recall_pause,free_recall,3.0,pause,30,1,h,,,False,0,0
3,free_recall_pause,free_recall,3.0,pause,30,2,u,,2,True,0,0
3,free_recall_pause,free_recall,3.0,pause,30,3,k,,3,True,0,0
3,free_recall_pause,free_recall,3.0,pause,30,4,l,,8,True,0,0
3,free_recall_pause,free_recall,3.0,pause,30,5,t,,,False,0,0
3,free_recall_pause,free_recall,3.0,pause,30,6,j,,,False,0,0
3,free_recall_pause,free_recall,3.0,pause,30,7,n,,,False,0,0
3,free_recall_pause,free_recall,3.0,pause,30,8,y,,,False,0,0
3,free_recall_pause,free_recall,3.0,pause,30,9,a,,6,True,0,0
3,free_recall_pause,free_recall,3.0,pause,30,10,f,,1,True,0,0
3,free_recall_pause,free_recall,3.0,pause,30,11,x,,,False,0,0
3,free_recall_pause,free_recall,3.0,pause,30,12,d,,,False,0,0
3,free_recall_pause,free_recall,3.0,pause,30,13,c,,,False,0,0
3,free_recall_pause,free_recall,3.0,pause,30,14,b,,,False,0,0
3,free_recall_pause,free_recall,3.0,pause,30,15,z,,4,True,0,0
4,free_recall_pause,free_recall,3.0,pause,30,1,j,,,False,0,0
4,free_recall_pause,free_recall,3.0,pause,30,2,v,,,False,0,0
4,free_recall_pause,free_recall,3.0,pause,30,3,p,,6,True,0,0
4,free_recall_pause,free_recall,3.0,pause,30,4,t,,,False,0,0
4,free_recall_pause,free_recall,3.0,pause,30,5,l,,7,True,0,0
4,free_recall_pause,free_recall,3.0,pause,30,6,s,,5,True,0,0
4,free_recall_pause,free_recall,3.0,pause,30,7,z,,3,True,0,0
4,free_recall_pause,free_recall,3.0,pause,30,8,r,,9,True,0,0
4,free_recall_pause,free_recall,3.0,pause,30,9,n,,8,True,0,0
4,free_recall_pause,free_recall,3.0,pause,30,10,h,,1,True,0,0
4,free_recall_pause,free_recall,3.0,pause,30,11,m,,2,True,0,0
4,free_recall_pause,free_recall,3.0,pause,30,12,o,,,False,0,0
4,free_recall_pause,free_recall,3.0,pause,30,13,g,,,False,0,0
4,free_recall_pause,free_recall,3.0,pause,30,14,f,,,False,0,0
4,free_recall_pause,free_recall,3.0,pause,30,15,y,,4,True,0,0
5,free_recall_pause,free_recall,3.0,pause,30,1,p,,7,True,0,0
5,free_recall_pause,free_recall,3.0,pause,30,2,n,,,False,0,0
5,free_recall_pause,free_recall,3.0,pause,30,3,e,,8,True,0,0
5,free_recall_pause,free_recall,3.0,pause,30,4,r,,9,True,0,0
5,free_recall_pause,free_recall,3.0,pause,30,5,m,,10,True,0,0
5,free_recall_pause,free_recall,3.0,pause,30,6,x,,13,True,0,0
5,free_recall_pause,free_recall,3.0,pause,30,7,u,,12,True,0,0
5,free_recall_pause,free_recall,3.0,pause,30,8,j,,11,True,0,0
5,free_recall_pause,free_recall,3.0,pause,30,9,i,,,False,0,0
5,free_recall_pause,free_recall,3.0,pause,30,10,s,,6,True,0,0
5,free_recall_pause,free_recall,3.0,pause,30,11,d,,1,True,0,0
5,free_recall_pause,free_recall,3.0,pause,30,12,k,,2,True,0,0
5,free_recall_pause,free_recall,3.0,pause,30,13,q,,3,True,0,0
5,free_recall_pause,free_recall,3.0,pause,30,14,w,,5,True,0,0
5,free_recall_pause,free_recall,3.0,pause,30,15,o,,4,True,0,0
6,free_recall_pause,free_recall,3.0,pause,30,1,d,,1,True,0,0
6,free_recall_pause,free_recall,3.0,pause,30,2,j,,2,True,0,0
6,free_recall_pause,free_recall,3.0,pause,30,3,b,,3,True,0,0
6,free_recall_pause,free_recall,3.0,pause,30,4,u,,4,True,0,0
6,free_recall_pause,free_recall,3.0,pause,30,5,f,,5,True,0,0
6,free_recall_pause,free_recall,3.0,pause,30,6,o,,6,True,0,0
6,free_recall_pause,free_recall,3.0,pause,30,7,i,,7,True,0,0
6,free_recall_pause,free_recall,3.0,pause,30,8,a,,8,True,0,0
6,free_recall_pause,free_recall,3.0,pause,30,9,x,,9,True,0,0
6,free_recall_pause,free_recall,3.0,pause,30,10,t,,12,True,0,0
6,free_recall_pause,free_recall,3.0,pause,30,11,w,,10,True,0,0
6,free_recall_pause,free_recall,3.0,pause,30,12,p,,13,True,0,0
6,free_recall_pause,free_recall,3.0,pause,30,13,l,,,False,0,0
6,free_recall_pause,free_recall,3.0,pause,30,14,q,,,False,0,0
6,free_recall_pause,free_recall,3.0,pause,30,15,y,,,False,0,0
7,free_recall_pause,free_recall,3.0,pause,30,1,i,,7,True,0,0
7,free_recall_pause,free_recall,3.0,pause,30,2,o,,8,True,0,0
7,free_recall_pause,free_recall,3.0,pause,30,3,t,,6,True,0,0
7,free_recall_pause,free_recall,3.0,pause,30,4,c,,12,True,0,0
7,free_recall_pause,free_recall,3.0,pause,30,5,f,,,False,0,0
7,free_recall_pause,free_recall,3.0,pause,30,6,x,,1,True,0,0
7,free_recall_pause,free_recall,3.0,pause,30,7,r,,13,True,0,0
7,free_recall_pause,free_recall,3.0,pause,30,8,m,,5,True,0,0
7,free_recall_pause,free_recall,3.0,pause,30,9,e,,4,True,0,0
7,free_recall_pause,free_recall,3.0,pause,30,10,j,,3,True,0,0
7,free_recall_pause,free_recall,3.0,pause,30,11,p,,2,True,0,0
7,free_recall_pause,free_recall,3.0,pause,30,12,k,,11,True,0,0
7,free_recall_pause,free_recall,3.0,pause,30,13,s,,,False,0,0
7,free_recall_pause,free_recall,3.0,pause,30,14,h,,,False,0,0
7,free_recall_pause,free_recall,3.0,pause,30,15,n,,,False,0,0
8,free_recall_pause,free_recall,3.0,pause,30,1,a,,3,True,0,0
8,free_recall_pause,free_recall,3.0,pause,30,2,y,,5,True,0,0
8,free_recall_pause,free_recall,3.0,pause,30,3,m,,4,True,0,0
8,free_recall_pause,free_recall,3.0,pause,30,4,d,,18,True,0,0
8,free_recall_pause,free_recall,3.0,pause,30,5,n,,,False,0,0
8,free_recall_pause,free_recall,3.0,pause,30,6,q,,7,True,0,0
8,free_recall_pause,free_recall,3.0,pause,30,7,g,,,False,0,0
8,free_recall_pause,free_recall,3.0,pause,30,8,l,,,False,0,0
8,free_recall_pause,free_recall,3.0,pause,30,9,r,,16,True,0,0
8,free_recall_pause,free_recall,3.0,pause,30,10,s,,,False,0,0
8,free_recall_pause,free_recall,3.0,pause,30,11,x,,19,True,0,0
8,free_recall_pause,free_recall,3.0,pause,30,12,j,,6,True,0,0
8,free_recall_pause,free_recall,3.0,pause,30,13,p,,1,True,0,0
8,free_recall_pause,free_recall,3.0,pause,30,14,z,,2,True,0,0
8,free_recall_pause,free_recall,3.0,pause,30,15,e,,,False,0,0
9,free_recall_pause,free_recall,3.0,pause,30,1,o,,1,True,0,0
9,free_recall_pause,free_recall,3.0,pause,30,2,e,,4,True,0,0
9,free_recall_pause,free_recall,3.0,pause,30,3,x,,3,True,0,0
9,free_recall_pause,free_recall,3.0,pause,30,4,a,,2,True,0,0
9,free_recall_pause,free_recall,3.0,pause,30,5,d,,8,True,0,0
9,free_recall_pause,free_recall,3.0,pause,30,6,f,,9,True,0,0
9,free_recall_pause,free_recall,3.0,pause,30,7,k,,,False,0,0
9,free_recall_pause,free_recall,3.0,pause,30,8,q,,10,True,0,0
9,free_recall_pause,free_recall,3.0,pause,30,9,v,,5,True,0,0
9,free_recall_pause,free_recall,3.0,pause,30,10,z,,,False,0,0
9,free_recall_pause,free_recall,3.0,pause,30,11,s,,6,True,0,0
9,free_recall_pause,free_recall,3.0,pause,30,12,l,,7,True,0,0
9,free_recall_pause,free_recall,3.0,pause,30,13,c,,,False,0,0
9,free_recall_pause,free_recall,3.0,pause,30,14,n,,11,True,0,0
9,free_recall_pause,free_recall,3.0,pause,30,15,m,,12,True,0,0
10,free_recall_pause,free_recall,3.0,pause,30,1,i,,11,True,0,0
10,free_recall_pause,free_recall,3.0,pause,30,2,d,,12,True,0,0
10,free_recall_pause,free_recall,3.0,pause,30,3,z,,5,True,0,0
10,free_recall_pause,free_recall,3.0,pause,30,4,x,,6,True,0,0
10,free_recall_pause,free_recall,3.0,pause,30,5,g,,,False,0,0
10,free_recall_pause,free_recall,3.0,pause,30,6,w,,1,True,0,0
10,free_recall_pause,free_recall,3.0,pause,30,7,o,,2,True,0,0
10,free_recall_pause,free_recall,3.0,pause,30,8,u,,3,True,0,0
10,free_recall_pause,free_recall,3.0,pause,30,9,n,,10,True,0,0
10,free_recall_pause,free_recall,3.0,pause,30,10,k,,,False,0,0
10,free_recall_pause,free_recall,3.0,pause,30,11,f,,,False,0,0
10,free_recall_pause,free_recall,3.0,pause,30,12,a,,7,True,0,0
10,free_recall_pause,free_recall,3.0,pause,30,13,r,,,False,0,0
10,free_recall_pause,free_recall,3.0,pause,30,14,q,,8,True,0,0
10,free_recall_pause,free_recall,3.0,pause,30,15,h,,9,True,0,0
11,free_recall_pause,free_recall,3.0,pause,30,1,g,,4,True,0,0
11,free_recall_pause,free_recall,3.0,pause,30,2,l,,8,True,0,0
11,free_recall_pause,free_recall,3.0,pause,30,3,a,,5,True,0,0
11,free_recall_pause,free_recall,3.0,pause,30,4,y,,6,True,0,0
11,free_recall_pause,free_recall,3.0,pause,30,5,f,,7,True,0,0
11,free_recall_pause,free_recall,3.0,pause,30,6,n,,9,True,0,0
11,free_recall_pause,free_recall,3.0,pause,30,7,q,,2,True,0,0
11,free_recall_pause,free_recall,3.0,pause,30,8,j,,,False,0,0
11,free_recall_pause,free_recall,3.0,pause,30,9,m,,,False,0,0
11,free_recall_pause,free_recall,3.0,pause,30,10,h,,10,True,0,0
11,free_recall_pause,free_recall,3.0,pause,30,11,e,,11,True,0,0
11,free_recall_pause,free_recall,3.0,pause,30,12,b,,12,True,0,0
11,free_recall_pause,free_recall,3.0,pause,30,13,z,,1,True,0,0
11,free_recall_pause,free_recall,3.0,pause,30,14,k,,,False,0,0
11,free_recall_pause,free_recall,3.0,pause,30,15,r,,3,True,0,0
12,free_recall_pause,free_recall,3.0,pause,30,1,t,,1,True,0,0
12,free_recall_pause,free_recall,3.0,pause,30,2,v,,2,True,0,0
12,free_recall_pause,free_recall,3.0,pause,30,3,r,,3,True,0,0
12,free_recall_pause,free_recall,3.0,pause,30,4,d,,11,True,0,0
12,free_recall_pause,free_recall,3.0,pause,30,5,w,,,False,0,0
12,free_recall_pause,free_recall,3.0,pause,30,6,s,,,False,0,0
12,free_recall_pause,free_recall,3.0,pause,30,7,b,,,False,0,0
12,free_recall_pause,free_recall,3.0,pause,30,8,g,,7,True,0,0
12,free_recall_pause,free_recall,3.0,pause,30,9,n,,10,True,0,0
12,free_recall_pause,free_recall,3.0,pause,30,10,e,,4,True,0,0
12,free_recall_pause,free_recall,3.0,pause,30,11,j,,,False,0,0
12,free_recall_pause,free_recall,3.0,pause,30,12,h,,,False,0,0
12,free_recall_pause,free_recall,3.0,pause,30,13,x,,5,True,0,0
12,free_recall_pause,free_recall,3.0,pause,30,14,o,,,False,0,0
12,free_recall_pause,free_recall,3.0,pause,30,15,c,,,False,0,0
13,free_recall_pause,free_recall,3.0,pause,30,1,q,,1,True,0,0
13,free_recall_pause,free_recall,3.0,pause,30,2,a,,2,True,0,0
13,free_recall_pause,free_recall,3.0,pause,30,3,d,,4,True,0,0
13,free_recall_pause,free_recall,3.0,pause,30,4,m,,10,True,0,0
13,free_recall_pause,free_recall,3.0,pause,30,5,y,,6,True,0,0
13,free_recall_pause,free_recall,3.0,pause,30,6,x,,,False,0,0
13,free_recall_pause,free_recall,3.0,pause,30,7,t,,7,True,0,0
13,free_recall_pause,free_recall,3.0,pause,30,8,b,,8,True,0,0
13,free_recall_pause,free_recall,3.0,pause,30,9,o,,9,True,0,0
13,free_recall_pause,free_recall,3.0,pause,30,10,n,,5,True,0,0
13,free_recall_pause,free_recall,3.0,pause,30,11,h,,11,True,0,0
13,free_recall_pause,free_recall,3.0,pause,30,12,j,,,False,0,0
13,free_recall_pause,free_recall,3.0,pause,30,13,l,,12,True,0,0
13,free_recall_pause,free_recall,3.0,pause,30,14,w,,3,True,0,0
13,free_recall_pause,free_recall,3.0,pause,30,15,c,,,False,0,0
14,free_recall_pause,free_recall,3.0,pause,30,1,k,,1,True,0,0
14,free_recall_pause,free_recall,3.0,pause,30,2,z,,2,True,0,0
14,free_recall_pause,free_recall,3.0,pause,30,3,m,,4,True,0,0
14,free_recall_pause,free_recall,3.0,pause,30,4,n,,3,True,0,0
14,free_recall_pause,free_recall,3.0,pause,30,5,i,,5,True,0,0
14,free_recall_pause,free_recall,3.0,pause,30,6,v,,6,True,0,0
14,free_recall_pause,free_recall,3.0,pause,30,7,o,,,False,0,0
14,free_recall_pause,free_recall,3.0,pause,30,8,h,,,False,0,0
14,free_recall_pause,free_recall,3.0,pause,30,9,p,,,False,0,0
14,free_recall_pause,free_recall,3.0,pause,30,10,s,,,False,0,0
14,free_recall_pause,free_recall,3.0,pause,30,11,x,,,False,0,0
14,free_recall_pause,free_recall,3.0,pause,30,12,a,,7,True,0,0
14,free_recall_pause,free_recall,3.0,pause,30,13,u,,10,True,0,0
14,free_recall_pause,free_recall,3.0,pause,30,14,r,,9,True,0,0
14,free_recall_pause,free_recall,3.0,pause,30,15,y,,8,True,0,0
15,free_recall_pause,free_recall,3.0,pause,30,1,c,,3,True,0,0
15,free_recall_pause,free_recall,3.0,pause,30,2,x,,2,True,0,0
15,free_recall_pause,free_recall,3.0,pause,30,3,m,,5,True,0,0
15,free_recall_pause,free_recall,3.0,pause,30,4,r,,,False,0,0
15,free_recall_pause,free_recall,3.0,pause,30,5,w,,8,True,0,0
15,free_recall_pause,free_recall,3.0,pause,30,6,v,,,False,0,0
15,free_recall_pause,free_recall,3.0,pause,30,7,g,,15,True,0,0
15,free_recall_pause,free_recall,3.0,pause,30,8,p,,11,True,0,0
15,free_recall_pause,free_recall,3.0,pause,30,9,q,,7,True,0,0
15,free_recall_pause,free_recall,3.0,pause,30,10,a,,9,True,0,0
15,free_recall_pause,free_recall,3.0,pause,30,11,d,,,False,0,0
15,free_recall_pause,free_recall,3.0,pause,30,12,i,,,False,0,0
15,free_recall_pause,free_recall,3.0,pause,30,13,l,,12,True,0,0
15,free_recall_pause,free_recall,3.0,pause,30,14,u,,10,True,0,0
15,free_recall_pause,free_recall,3.0,pause,30,15,z,,1,True,0,0
6,free_recall_working_memory,free_recall,3.0,multiplication,30,1,y,,2,True,8,9
6,free_recall_working_memory,free_recall,3.0,multiplication,30,2,l,,3,True,8,9
6,free_recall_working_memory,free_recall,3.0,multiplication,30,3,b,,6,True,8,9
6,free_recall_working_memory,free_recall,3.0,multiplication,30,4,m,,7,True,8,9
6,free_recall_working_memory,free_recall,3.0,multiplication,30,5,a,,4,True,8,9
6,free_recall_working_memory,free_recall,3.0,multiplication,30,6,z,,1,True,8,9
6,free_recall_working_memory,free_recall,3.0,multiplication,30,7,f,,,False,8,9
6,free_recall_working_memory,free_recall,3.0,multiplication,30,8,h,,8,True,8,9
6,free_recall_working_memory,free_recall,3.0,multiplication,30,9,g,,9,True,8,9
6,free_recall_working_memory,free_recall,3.0,multiplication,30,10,u,,,False,8,9
6,free_recall_working_memory,free_recall,3.0,multiplication,30,11,v,,5,True,8,9
6,free_recall_working_memory,free_recall,3.0,multiplication,30,12,p,,,False,8,9
6,free_recall_working_memory,free_recall,3.0,multiplication,30,13,w,,,False,8,9
6,free_recall_working_memory,free_recall,3.0,multiplication,30,14,k,,,False,8,9
6,free_recall_working_memory,free_recall,3.0,multiplication,30,15,d,,10,True,8,9
7,free_recall_working_memory,free_recall,3.0,multiplication,30,1,w,,1,True,4,4
7,free_recall_working_memory,free_recall,3.0,multiplication,30,2,h,,2,True,4,4
7,free_recall_working_memory,free_recall,3.0,multiplication,30,3,e,,3,True,4,4
7,free_recall_working_memory,free_recall,3.0,multiplication,30,4,m,,4,True,4,4
7,free_recall_working_memory,free_recall,3.0,multiplication,30,5,p,,13,True,4,4
7,free_recall_working_memory,free_recall,3.0,multiplication,30,6,g,,14,True,4,4
7,free_recall_working_memory,free_recall,3.0,multiplication,30,7,d,,,False,4,4
7,free_recall_working_memory,free_recall,3.0,multiplication,30,8,b,,11,True,4,4
7,free_recall_working_memory,free_recall,3.0,multiplication,30,9,s,,,False,4,4
7,free_recall_working_memory,free_recall,3.0,multiplication,30,10,o,,,False,4,4
7,free_recall_working_memory,free_recall,3.0,multiplication,30,11,c,,,False,4,4
7,free_recall_working_memory,free_recall,3.0,multiplication,30,12,x,,6,True,4,4
7,free_recall_working_memory,free_recall,3.0,multiplication,30,13,v,,8,True,4,4
7,free_recall_working_memory,free_recall,3.0,multiplication,30,14,z,,5,True,4,4
7,free_recall_working_memory,free_recall,3.0,multiplication,30,15,i,,10,True,4,4
8,free_recall_working_memory,free_recall,3.0,multiplication,30,1,r,,4,True,8,10
8,free_recall_working_memory,free_recall,3.0,multiplication,30,2,b,,6,True,8,10
8,free_recall_working_memory,free_recall,3.0,multiplication,30,3,p,,1,True,8,10
8,free_recall_working_memory,free_recall,3.0,multiplication,30,4,v,,5,True,8,10
8,free_recall_working_memory,free_recall,3.0,multiplication,30,5,c,,,False,8,10
8,free_recall_working_memory,free_recall,3.0,multiplication,30,6,f,,,False,8,10
8,free_recall_working_memory,free_recall,3.0,multiplication,30,7,e,,,False,8,10
8,free_recall_working_memory,free_recall,3.0,multiplication,30,8,k,,,False,8,10
8,free_recall_working_memory,free_recall,3.0,multiplication,30,9,m,,,False,8,10
8,free_recall_working_memory,free_recall,3.0,multiplication,30,10,z,,8,True,8,10
8,free_recall_working_memory,free_recall,3.0,multiplication,30,11,x,,7,True,8,10
8,free_recall_working_memory,free_recall,3.0,multiplication,30,12,j,,,False,8,10
8,free_recall_working_memory,free_recall,3.0,multiplication,30,13,i,,,False,8,10
8,free_recall_working_memory,free_recall,3.0,multiplication,30,14,t,,,False,8,10
8,free_recall_working_memory,free_recall,3.0,multiplication,30,15,a,,3,True,8,10
9,free_recall_working_memory,free_recall,3.0,multiplication,30,1,x,,2,True,12,13
9,free_recall_working_memory,free_recall,3.0,multiplication,30,2,i,,5,True,12,13
9,free_recall_working_memory,free_recall,3.0,multiplication,30,3,q,,4,True,12,13
9,free_recall_working_memory,free_recall,3.0,multiplication,30,4,j,,,False,12,13
9,free_recall_working_memory,free_recall,3.0,multiplication,30,5,u,,,False,12,13
9,free_recall_working_memory,free_recall,3.0,multiplication,30,6,y,,,False,12,13
9,free_recall_working_memory,free_recall,3.0,multiplication,30,7,f,,,False,12,13
9,free_recall_working_memory,free_recall,3.0,multiplication,30,8,t,,9,True,12,13
9,free_recall_working_memory,free_recall,3.0,multiplication,30,9,z,,1,True,12,13
9,free_recall_working_memory,free_recall,3.0,multiplication,30,10,l,,6,True,12,13
9,free_recall_working_memory,free_recall,3.0,multiplication,30,11,k,,,False,12,13
9,free_recall_working_memory,free_recall,3.0,multiplication,30,12,c,,,False,12,13
9,free_recall_working_memory,free_recall,3.0,multiplication,30,13,g,,,False,12,13
9,free_recall_working_memory,free_recall,3.0,multiplication,30,14,n,,,False,12,13
9,free_recall_working_memory,free_recall,3.0,multiplication,30,15,v,,,False,12,13
10,free_recall_working_memory,free_recall,3.0,multiplication,30,1,y,,6,True,8,8
10,free_recall_working_memory,free_recall,3.0,multiplication,30,2,g,,5,True,8,8
10,free_recall_working_memory,free_recall,3.0,multiplication,30,3,j,,,False,8,8
10,free_recall_working_memory,free_recall,3.0,multiplication,30,4,z,,7,True,8,8
10,free_recall_working_memory,free_recall,3.0,multiplication,30,5,r,,1,True,8,8
10,free_recall_working_memory,free_recall,3.0,multiplication,30,6,t,,2,True,8,8
10,free_recall_working_memory,free_recall,3.0,multiplication,30,7,f,,,False,8,8
10,free_recall_working_memory,free_recall,3.0,multiplication,30,8,h,,8,True,8,8
10,free_recall_working_memory,free_recall,3.0,multiplication,30,9,w,,3,True,8,8
10,free_recall_working_memory,free_recall,3.0,multiplication,30,10,l,,10,True,8,8
10,free_recall_working_memory,free_recall,3.0,multiplication,30,11,c,,,False,8,8
10,free_recall_working_memory,free_recall,3.0,multiplication,30,12,i,,,False,8,8
10,free_recall_working_memory,free_recall,3.0,multiplication,30,13,d,,,False,8,8
10,free_recall_working_memory,free_recall,3.0,multiplication,30,14,v,,,False,8,8
10,free_recall_working_memory,free_recall,3.0,multiplication,30,15,p,,4,True,8,8
11,free_recall_working_memory,free_recall,3.0,multiplication,30,1,j,,,False,6,6
11,free_recall_working_memory,free_recall,3.0,multiplication,30,2,m,,14,True,6,6
11,free_recall_working_memory,free_recall,3.0,multiplication,30,3,z,,9,True,6,6
11,free_recall_working_memory,free_recall,3.0,multiplication,30,4,q,,,False,6,6
11,free_recall_working_memory,free_recall,3.0,multiplication,30,5,h,,,False,6,6
11,free_recall_working_memory,free_recall,3.0,multiplication,30,6,w,,,False,6,6
11,free_recall_working_memory,free_recall,3.0,multiplication,30,7,r,,13,True,6,6
11,free_recall_working_memory,free_recall,3.0,multiplication,30,8,a,,4,True,6,6
11,free_recall_working_memory,free_recall,3.0,multiplication,30,9,i,,2,True,6,6
11,free_recall_working_memory,free_recall,3.0,multiplication,30,10,d,,1,True,6,6
11,free_recall_working_memory,free_recall,3.0,multiplication,30,11,o,,6,True,6,6
11,free_recall_working_memory,free_recall,3.0,multiplication,30,12,v,,5,True,6,6
11,free_recall_working_memory,free_recall,3.0,multiplication,30,13,p,,,False,6,6
11,free_recall_working_memory,free_recall,3.0,multiplication,30,14,g,,,False,6,6
11,free_recall_working_memory,free_recall,3.0,multiplication,30,15,n,,3,True,6,6
12,free_recall_working_memory,free_recall,3.0,multiplication,30,1,k,,1,True,4,6
12,free_recall_working_memory,free_recall,3.0,multiplication,30,2,e,,2,True,4,6
12,free_recall_working_memory,free_recall,3.0,multiplication,30,3,g,,4,True,4,6
12,free_recall_working_memory,free_recall,3.0,multiplication,30,4,q,,6,True,4,6
12,free_recall_working_memory,free_recall,3.0,multiplication,30,5,o,,,False,4,6
12,free_recall_working_memory,free_recall,3.0,multiplication,30,6,y,,3,True,4,6
12,free_recall_working_memory,free_recall,3.0,multiplication,30,7,t,,5,True,4,6
12,free_recall_working_memory,free_recall,3.0,multiplication,30,8,w,,8,True,4,6
12,free_recall_working_memory,free_recall,3.0,multiplication,30,9,x,,7,True,4,6
12,free_recall_working_memory,free_recall,3.0,multiplication,30,10,z,,10,True,4,6
12,free_recall_working_memory,free_recall,3.0,multiplication,30,11,i,,11,True,4,6
12,free_recall_working_memory,free_recall,3.0,multiplication,30,12,p,,9,True,4,6
12,free_recall_working_memory,free_recall,3.0,multiplication,30,13,m,,,False,4,6
12,free_recall_working_memory,free_recall,3.0,multiplication,30,14,h,,,False,4,6
12,free_recall_working_memory,free_recall,3.0,multiplication,30,15,b,,,False,4,6
13,free_recall_working_memory,free_recall,3.0,multiplication,30,1,e,,,False,3,4
13,free_recall_working_memory,free_recall,3.0,multiplication,30,2,l,,4,True,3,4
13,free_recall_working_memory,free_recall,3.0,multiplication,30,3,q,,8,True,3,4
13,free_recall_working_memory,free_recall,3.0,multiplication,30,4,p,,,False,3,4
13,free_recall_working_memory,free_recall,3.0,multiplication,30,5,t,,7,True,3,4
13,free_recall_working_memory,free_recall,3.0,multiplication,30,6,s,,1,True,3,4
13,free_recall_working_memory,free_recall,3.0,multiplication,30,7,i,,2,True,3,4
13,free_recall_working_memory,free_recall,3.0,multiplication,30,8,f,,3,True,3,4
13,free_recall_working_memory,free_recall,3.0,multiplication,30,9,z,,11,True,3,4
13,free_recall_working_memory,free_recall,3.0,multiplication,30,10,h,,10,True,3,4
13,free_recall_working_memory,free_recall,3.0,multiplication,30,11,b,,6,True,3,4
13,free_recall_working_memory,free_recall,3.0,multiplication,30,12,c,,,False,3,4
13,free_recall_working_memory,free_recall,3.0,multiplication,30,13,v,,,False,3,4
13,free_recall_working_memory,free_recall,3.0,multiplication,30,14,x,,,False,3,4
13,free_recall_working_memory,free_recall,3.0,multiplication,30,15,a,,,False,3,4
14,free_recall_working_memory,free_recall,3.0,multiplication,30,1,a,,5,True,8,8
14,free_recall_working_memory,free_recall,3.0,multiplication,30,2,z,,4,True,8,8
14,free_recall_working_memory,free_recall,3.0,multiplication,30,3,e,,7,True,8,8
14,free_recall_working_memory,free_recall,3.0,multiplication,30,4,s,,1,True,8,8
14,free_recall_working_memory,free_recall,3.0,multiplication,30,5,p,,10,True,8,8
14,free_recall_working_memory,free_recall,3.0,multiplication,30,6,f,,3,True,8,8
14,free_recall_working_memory,free_recall,3.0,multiplication,30,7,i,,2,True,8,8
14,free_recall_working_memory,free_recall,3.0,multiplication,30,8,r,,8,True,8,8
14,free_recall_working_memory,free_recall,3.0,multiplication,30,9,k,,13,True,8,8
14,free_recall_working_memory,free_recall,3.0,multiplication,30,10,b,,,False,8,8
14,free_recall_working_memory,free_recall,3.0,multiplication,30,11,y,,,False,8,8
14,free_recall_working_memory,free_recall,3.0,multiplication,30,12,d,,,False,8,8
14,free_recall_working_memory,free_recall,3.0,multiplication,30,13,v,,,False,8,8
14,free_recall_working_memory,free_recall,3.0,multiplication,30,14,t,,,False,8,8
14,free_recall_working_memory,free_recall,3.0,multiplication,30,15,j,,,False,8,8
15,free_recall_working_memory,free_recall,3.0,multiplication,30,1,d,,7,True,8,9
15,free_recall_working_memory,free_recall,3.0,multiplication,30,2,p,,8,True,8,9
15,free_recall_working_memory,free_recall,3.0,multiplication,30,3,u,,9,True,8,9
15,free_recall_working_memory,free_recall,3.0,multiplication,30,4,h,,,False,8,9
15,free_recall_working_memory,free_recall,3.0,multiplication,30,5,x,,,False,8,9
15,free_recall_working_memory,free_recall,3.0,multiplication,30,6,b,,,False,8,9
15,free_recall_working_memory,free_recall,3.0,multiplication,30,7,f,,,False,8,9
15,free_recall_working_memory,free_recall,3.0,multiplication,30,8,i,,5,True,8,9
15,free_recall_working_memory,free_recall,3.0,multiplication,30,9,s,,4,True,8,9
15,free_recall_working_memory,free_recall,3.0,multiplication,30,10,v,,6,True,8,9
15,free_recall_working_memory,free_recall,3.0,multiplication,30,11,j,,,False,8,9
15,free_recall_working_memory,free_recall,3.0,multiplication,30,12,t,,,False,8,9
15,free_recall_working_memory,free_recall,3.0,multiplication,30,13,q,,,False,8,9
15,free_recall_working_memory,free_recall,3.0,multiplication,30,14,m,,2,True,8,9
15,free_recall_working_memory,free_recall,3.0,multiplication,30,15,y,,3,True,8,9
1,serial_recall,serial_recall,3.0,none,0,1,m,m,1,True,0,0
1,serial_recall,serial_recall,3.0,none,0,2,c,c,2,True,0,0
1,serial_recall,serial_recall,3.0,none,0,3,u,u,3,True,0,0
1,serial_recall,serial_recall,3.0,none,0,4,n,j,4,False,0,0
1,serial_recall,serial_recall,3.0,none,0,5,j,n,5,False,0,0
1,serial_recall,serial_recall,3.0,none,0,6,b,b,6,True,0,0
1,serial_recall,serial_recall,3.0,none,0,7,x,z,7,False,0,0
1,serial_recall,serial_recall,3.0,none,0,8,k,x,8,False,0,0
1,serial_recall,serial_recall,3.0,none,0,9,z,k,9,False,0,0
1,serial_recall,serial_recall,3.0,none,0,10,v,æ,10,False,0,0
1,serial_recall,serial_recall,3.0,none,0,11,y,l,11,False,0,0
1,serial_recall,serial_recall,3.0,none,0,12,s,a,12,False,0,0
1,serial_recall,serial_recall,3.0,none,0,13,a,f,13,False,0,0
1,serial_recall,serial_recall,3.0,none,0,14,f,s,14,False,0,0
1,serial_recall,serial_recall,3.0,none,0,15,p,s,15,False,0,0
2,serial_recall,serial_recall,3.0,none,0,1,g,g,1,True,0,0
2,serial_recall,serial_recall,3.0,none,0,2,q,q,2,True,0,0
2,serial_recall,serial_recall,3.0,none,0,3,x,x,3,True,0,0
2,serial_recall,serial_recall,3.0,none,0,4,v,j,4,False,0,0
2,serial_recall,serial_recall,3.0,none,0,5,b,d,5,False,0,0
2,serial_recall,serial_recall,3.0,none,0,6,d,b,6,False,0,0
2,serial_recall,serial_recall,3.0,none,0,7,j,a,7,False,0,0
2,serial_recall,serial_recall,3.0,none,0,8,t,t,8,True,0,0
2,serial_recall,serial_recall,3.0,none,0,9,u,u,9,True,0,0
2,serial_recall,serial_recall,3.0,none,0,10,h,c,10,False,0,0
2,serial_recall,serial_recall,3.0,none,0,11,w,a,11,False,0,0
2,serial_recall,serial_recall,3.0,none,0,12,s,g,12,False,0,0
2,serial_recall,serial_recall,3.0,none,0,13,f,y,13,False,0,0
2,serial_recall,serial_recall,3.0,none,0,14,k,i,14,False,0,0
2,serial_recall,serial_recall,3.0,none,0,15,i,k,15,False,0,0
3,serial_recall,serial_recall,3.0,none,0,1,u,u,1,True,0,0
3,serial_recall,serial_recall,3.0,none,0,2,i,i,2,True,0,0
3,serial_recall,serial_recall,3.0,none,0,3,m,m,3,True,0,0
3,serial_recall,serial_recall,3.0,none,0,4,w,w,4,True,0,0
3,serial_recall,serial_recall,3.0,none,0,5,z,z,5,True,0,0
3,serial_recall,serial_recall,3.0,none,0,6,k,q,6,False,0,0
3,serial_recall,serial_recall,3.0,none,0,7,p,t,7,False,0,0
3,serial_recall,serial_recall,3.0,none,0,8,q,h,8,False,0,0
3,serial_recall,serial_recall,3.0,none,0,9,t,a,9,False,0,0
3,serial_recall,serial_recall,3.0,none,0,10,x,v,10,False,0,0
3,serial_recall,serial_recall,3.0,none,0,11,h,m,11,False,0,0
3,serial_recall,serial_recall,3.0,none,0,12,g,g,12,True,0,0
3,serial_recall,serial_recall,3.0,none,0,13,y,y,13,True,0,0
3,serial_recall,serial_recall,3.0,none,0,14,a,a,14,True,0,0
3,serial_recall,serial_recall,3.0,none,0,15,b,c,15,False,0,0
4,serial_recall,serial_recall,3.0,none,0,1,s,s,1,True,0,0
4,serial_recall,serial_recall,3.0,none,0,2,d,d,2,True,0,0
4,serial_recall,serial_recall,3.0,none,0,3,x,x,3,True,0,0
4,serial_recall,serial_recall,3.0,none,0,4,t,t,4,True,0,0
4,serial_recall,serial_recall,3.0,none,0,5,c,u,5,False,0,0
4,serial_recall,serial_recall,3.0,none,0,6,r,g,6,False,0,0
4,serial_recall,serial_recall,3.0,none,0,7,n,a,7,False,0,0
4,serial_recall,serial_recall,3.0,none,0,8,f,s,8,False,0,0
4,serial_recall,serial_recall,3.0,none,0,9,p,f,9,False,0,0
4,serial_recall,serial_recall,3.0,none,0,10,v,p,10,False,0,0
4,serial_recall,serial_recall,3.0,none,0,11,y,b,11,False,0,0
4,serial_recall,serial_recall,3.0,none,0,12,u,u,12,True,0,0
4,serial_recall,serial_recall,3.0,none,0,13,q,g,13,False,0,0
4,serial_recall,serial_recall,3.0,none,0,14,e,f,14,False,0,0
4,serial_recall,serial_recall,3.0,none,0,15,z,h,15,False,0,0
5,serial_recall,serial_recall,3.0,none,0,1,y,y,1,True,0,0
5,serial_recall,serial_recall,3.0,none,0,2,b,b,2,True,0,0
5,serial_recall,serial_recall,3.0,none,0,3,q,q,3,True,0,0
5,serial_recall,serial_recall,3.0,none,0,4,h,z,4,False,0,0
5,serial_recall,serial_recall,3.0,none,0,5,i,a,5,False,0,0
5,serial_recall,serial_recall,3.0,none,0,6,j,w,6,False,0,0
5,serial_recall,serial_recall,3.0,none,0,7,z,m,7,False,0,0
5,serial_recall,serial_recall,3.0,none,0,8,a,h,8,False,0,0
5,serial_recall,serial_recall,3.0,none,0,9,w,r,9,False,0,0
5,serial_recall,serial_recall,3.0,none,0,10,m,r,10,False,0,0
5,serial_recall,serial_recall,3.0,none,0,11,c,w,11,False,0,0
5,serial_recall,serial_recall,3.0,none,0,12,e,e,12,True,0,0
5,serial_recall,serial_recall,3.0,none,0,13,f,f,13,True,0,0
5,serial_recall,serial_recall,3.0,none,0,14,v,z,14,False,0,0
5,serial_recall,serial_recall,3.0,none,0,15,s,d,15,False,0,0
6,serial_recall,serial_recall,3.0,none,0,1,u,u,1,True,0,0
6,serial_recall,serial_recall,3.0,none,0,2,l,l,2,True,0,0
6,serial_recall,serial_recall,3.0,none,0,3,w,w,3,True,0,0
6,serial_recall,serial_recall,3.0,none,0,4,f,k,4,False,0,0
6,serial_recall,serial_recall,3.0,none,0,5,i,m,5,False,0,0
6,serial_recall,serial_recall,3.0,none,0,6,n,f,6,False,0,0
6,serial_recall,serial_recall,3.0,none,0,7,k,i,7,False,0,0
6,serial_recall,serial_recall,3.0,none,0,8,x,n,8,False,0,0
6,serial_recall,serial_recall,3.0,none,0,9,m,z,9,False,0,0
6,serial_recall,serial_recall,3.0,none,0,10,o,a,10,False,0,0
6,serial_recall,serial_recall,3.0,none,0,11,q,s,11,False,0,0
6,serial_recall,serial_recall,3.0,none,0,12,v,f,12,False,0,0
6,serial_recall,serial_recall,3.0,none,0,13,g,,13,False,0,0
6,serial_recall,serial_recall,3.0,none,0,14,c,y,14,False,0,0
6,serial_recall,serial_recall,3.0,none,0,15,a,a,15,True,0,0
7,serial_recall,serial_recall,3.0,none,0,1,h,h,1,True,0,0
7,serial_recall,serial_recall,3.0,none,0,2,c,l,2,False,0,0
7,serial_recall,serial_recall,3.0,none,0,3,o,o,3,True,0,0
7,serial_recall,serial_recall,3.0,none,0,4,e,e,4,True,0,0
7,serial_recall,serial_recall,3.0,none,0,5,l,n,5,False,0,0
7,serial_recall,serial_recall,3.0,none,0,6,f,z,6,False,0,0
7,serial_recall,serial_recall,3.0,none,0,7,z,s,7,False,0,0
7,serial_recall,serial_recall,3.0,none,0,8,i,a,8,False,0,0
7,serial_recall,serial_recall,3.0,none,0,9,r,w,9,False,0,0
7,serial_recall,serial_recall,3.0,none,0,10,b,q,10,False,0,0
7,serial_recall,serial_recall,3.0,none,0,11,q,y,11,False,0,0
7,serial_recall,serial_recall,3.0,none,0,12,y,q,12,False,0,0
7,serial_recall,serial_recall,3.0,none,0,13,n,m,13,False,0,0
7,serial_recall,serial_recall,3.0,none,0,14,u,u,14,True,0,0
7,serial_recall,serial_recall,3.0,none,0,15,m,m,15,True,0,0
8,serial_recall,serial_recall,3.0,none,0,1,d,d,1,True,0,0
8,serial_recall,serial_recall,3.0,none,0,2,b,b,2,True,0,0
8,serial_recall,serial_recall,3.0,none,0,3,o,o,3,True,0,0
8,serial_recall,serial_recall,3.0,none,0,4,z,z,4,True,0,0
8,serial_recall,serial_recall,3.0,none,0,5,t,k,5,False,0,0
8,serial_recall,serial_recall,3.0,none,0,6,g,q,6,False,0,0
8,serial_recall,serial_recall,3.0,none,0,7,i,a,7,False,0,0
8,serial_recall,serial_recall,3.0,none,0,8,l,z,8,False,0,0
8,serial_recall,serial_recall,3.0,none,0,9,c,f,9,False,0,0
8,serial_recall,serial_recall,3.0,none,0,10,e,g,10,False,0,0
8,serial_recall,serial_recall,3.0,none,0,11,f,y,11,False,0,0
8,serial_recall,serial_recall,3.0,none,0,12,p,m,12,False,0,0
8,serial_recall,serial_recall,3.0,none,0,13,k,f,13,False,0,0
8,serial_recall,serial_recall,3.0,none,0,14,v,a,14,False,0,0
8,serial_recall,serial_recall,3.0,none,0,15,a,v,15,False,0,0
9,serial_recall,serial_recall,3.0,none,0,1,j,j,1,True,0,0
9,serial_recall,serial_recall,3.0,none,0,2,p,b,2,False,0,0
9,serial_recall,serial_recall,3.0,none,0,3,d,d,3,True,0,0
9,serial_recall,serial_recall,3.0,none,0,4,k,q,4,False,0,0
9,serial_recall,serial_recall,3.0,none,0,5,f,a,5,False,0,0
9,serial_recall,serial_recall,3.0,none,0,6,r,z,6,False,0,0
9,serial_recall,serial_recall,3.0,none,0,7,o,h,7,False,0,0
9,serial_recall,serial_recall,3.0,none,0,8,n,g,8,False,0,0
9,serial_recall,serial_recall,3.0,none,0,9,u,r,9,False,0,0
9,serial_recall,serial_recall,3.0,none,0,10,c,w,10,False,0,0
9,serial_recall,serial_recall,3.0,none,0,11,x,r,11,False,0,0
9,serial_recall,serial_recall,3.0,none,0,12,e,x,12,False,0,0
9,serial_recall,serial_recall,3.0,none,0,13,h,h,13,True,0,0
9,serial_recall,serial_recall,3.0,none,0,14,a,a,14,True,0,0
9,serial_recall,serial_recall,3.0,none,0,15,y,y,15,True,0,0
10,serial_recall,serial_recall,3.0,none,0,1,j,j,1,True,0,0
10,serial_recall,serial_recall,3.0,none,0,2,k,k,2,True,0,0
10,serial_recall,serial_recall,3.0,none,0,3,y,y,3,True,0,0
10,serial_recall,serial_recall,3.0,none,0,4,a,a,4,True,0,0
10,serial_recall,serial_recall,3.0,none,0,5,i,i,5,True,0,0
10,serial_recall,serial_recall,3.0,none,0,6,o,o,6,True,0,0
10,serial_recall,serial_recall,3.0,none,0,7,e,e,7,True,0,0
10,serial_recall,serial_recall,3.0,none,0,8,p,m,8,False,0,0
10,serial_recall,serial_recall,3.0,none,0,9,r,h,9,False,0,0
10,serial_recall,serial_recall,3.0,none,0,10,m,r,10,False,0,0
10,serial_recall,serial_recall,3.0,none,0,11,f,c,11,False,0,0
10,serial_recall,serial_recall,3.0,none,0,12,t,t,12,True,0,0
10,serial_recall,serial_recall,3.0,none,0,13,z,z,13,True,0,0
10,serial_recall,serial_recall,3.0,none,0,14,d,d,14,True,0,0
10,serial_recall,serial_recall,3.0,none,0,15,n,n,15,True,0,0
11,serial_recall,serial_recall,3.0,none,0,1,x,x,1,True,0,0
11,serial_recall,serial_recall,3.0,none,0,2,l,l,2,True,0,0
11,serial_recall,serial_recall,3.0,none,0,3,r,r,3,True,0,0
11,serial_recall,serial_recall,3.0,none,0,4,n,n,4,True,0,0
11,serial_recall,serial_recall,3.0,none,0,5,i,i,5,True,0,0
11,serial_recall,serial_recall,3.0,none,0,6,e,e,6,True,0,0
11,serial_recall,serial_recall,3.0,none,0,7,p,p,7,True,0,0
11,serial_recall,serial_recall,3.0,none,0,8,b,d,8,False,0,0
11,serial_recall,serial_recall,3.0,none,0,9,v,a,9,False,0,0
11,serial_recall,serial_recall,3.0,none,0,10,d,v,10,False,0,0
11,serial_recall,serial_recall,3.0,none,0,11,w,f,11,False,0,0
11,serial_recall,serial_recall,3.0,none,0,12,h,h,12,True,0,0
11,serial_recall,serial_recall,3.0,none,0,13,g,g,13,True,0,0
11,serial_recall,serial_recall,3.0,none,0,14,m,j,14,False,0,0
11,serial_recall,serial_recall,3.0,none,0,15,j,m,15,False,0,0
12,serial_recall,serial_recall,3.0,none,0,1,b,f,1,False,0,0
12,serial_recall,serial_recall,3.0,none,0,2,n,n,2,True,0,0
12,serial_recall,serial_recall,3.0,none,0,3,e,e,3,True,0,0
12,serial_recall,serial_recall,3.0,none,0,4,y,y,4,True,0,0
12,serial_recall,serial_recall,3.0,none,0,5,a,a,5,True,0,0
12,serial_recall,serial_recall,3.0,none,0,6,g,g,6,True,0,0
12,serial_recall,serial_recall,3.0,none,0,7,f,t,7,False,0,0
12,serial_recall,serial_recall,3.0,none,0,8,t,i,8,False,0,0
12,serial_recall,serial_recall,3.0,none,0,9,d,f,9,False,0,0
12,serial_recall,serial_recall,3.0,none,0,10,x,a,10,False,0,0
12,serial_recall,serial_recall,3.0,none,0,11,u,c,11,False,0,0
12,serial_recall,serial_recall,3.0,none,0,12,w,w,12,True,0,0
12,serial_recall,serial_recall,3.0,none,0,13,i,d,13,False,0,0
12,serial_recall,serial_recall,3.0,none,0,14,l,r,14,False,0,0
12,serial_recall,serial_recall,3.0,none,0,15,q,q,15,True,0,0
13,serial_recall,serial_recall,3.0,none,0,1,a,a,1,True,0,0
13,serial_recall,serial_recall,3.0,none,0,2,f,f,2,True,0,0
13,serial_recall,serial_recall,3.0,none,0,3,d,d,3,True,0,0
13,serial_recall,serial_recall,3.0,none,0,4,r,r,4,True,0,0
13,serial_recall,serial_recall,3.0,none,0,5,w,z,5,False,0,0
13,serial_recall,serial_recall,3.0,none,0,6,j,x,6,False,0,0
13,serial_recall,serial_recall,3.0,none,0,7,q,v,7,False,0,0
13,serial_recall,serial_recall,3.0,none,0,8,c,b,8,False,0,0
13,serial_recall,serial_recall,3.0,none,0,9,g,h,9,False,0,0
13,serial_recall,serial_recall,3.0,none,0,10,i,i,10,True,0,0
13,serial_recall,serial_recall,3.0,none,0,11,z,z,11,True,0,0
13,serial_recall,serial_recall,3.0,none,0,12,x,z,12,False,0,0
13,serial_recall,serial_recall,3.0,none,0,13,e,x,13,False,0,0
13,serial_recall,serial_recall,3.0,none,0,14,y,y,14,True,0,0
13,serial_recall,serial_recall,3.0,none,0,15,k,k,15,True,0,0
14,serial_recall,serial_recall,3.0,none,0,1,g,g,1,True,0,0
14,serial_recall,serial_recall,3.0,none,0,2,t,t,2,True,0,0
14,serial_recall,serial_recall,3.0,none,0,3,r,r,3,True,0,0
14,serial_recall,serial_recall,3.0,none,0,4,i,i,4,True,0,0
14,serial_recall,serial_recall,3.0,none,0,5,c,v,5,False,0,0
14,serial_recall,serial_recall,3.0,none,0,6,y,z,6,False,0,0
14,serial_recall,serial_recall,3.0,none,0,7,z,g,7,False,0,0
14,serial_recall,serial_recall,3.0,none,0,8,u,a,8,False,0,0
14,serial_recall,serial_recall,3.0,none,0,9,f,x,9,False,0,0
14,serial_recall,serial_recall,3.0,none,0,10,x,b,10,False,0,0
14,serial_recall,serial_recall,3.0,none,0,11,p,p,11,True,0,0
14,serial_recall,serial_recall,3.0,none,0,12,l,l,12,True,0,0
14,serial_recall,serial_recall,3.0,none,0,13,a,a,13,True,0,0
14,serial_recall,serial_recall,3.0,none,0,14,e,e,14,True,0,0
14,serial_recall,serial_recall,3.0,none,0,15,v,v,15,True,0,0
15,serial_recall,serial_recall,3.0,none,0,1,m,m,1,True,0,0
15,serial_recall,serial_recall,3.0,none,0,2,x,x,2,True,0,0
15,serial_recall,serial_recall,3.0,none,0,3,l,l,3,True,0,0
15,serial_recall,serial_recall,3.0,none,0,4,g,g,4,True,0,0
15,serial_recall,serial_recall,3.0,none,0,5,n,v,5,False,0,0
15,serial_recall,serial_recall,3.0,none,0,6,v,t,6,False,0,0
15,serial_recall,serial_recall,3.0,none,0,7,d,r,7,False,0,0
15,serial_recall,serial_recall,3.0,none,0,8,z,z,8,True,0,0
15,serial_recall,serial_recall,3.0,none,0,9,b,s,9,False,0,0
15,serial_recall,serial_recall,3.0,none,0,10,t,j,10,False,0,0
15,serial_recall,serial_recall,3.0,none,0,11,k,k,11,True,0,0
15,serial_recall,serial_recall,3.0,none,0,12,j,,12,False,0,0
15,serial_recall,serial_recall,3.0,none,0,13,u,u,13,True,0,0
15,serial_recall,serial_recall,3.0,none,0,14,s,s,14,True,0,0
15,serial_recall,serial_recall,3.0,none,0,15,o,o,15,True,0,0
1,serial_recall_finger_tapping,serial_recall,3.0,none,0,1,x,x,1,True,0,0
1,serial_recall_finger_tapping,serial_recall,3.0,none,0,2,g,g,2,True,0,0
1,serial_recall_finger_tapping,serial_recall,3.0,none,0,3,e,j,3,False,0,0
1,serial_recall_finger_tapping,serial_recall,3.0,none,0,4,j,e,4,False,0,0
1,serial_recall_finger_tapping,serial_recall,3.0,none,0,5,m,m,5,True,0,0
1,serial_recall_finger_tapping,serial_recall,3.0,none,0,6,a,a,6,True,0,0
1,serial_recall_finger_tapping,serial_recall,3.0,none,0,7,y,z,7,False,0,0
1,serial_recall_finger_tapping,serial_recall,3.0,none,0,8,p,r,8,False,0,0
1,serial_recall_finger_tapping,serial_recall,3.0,none,0,9,r,s,9,False,0,0
1,serial_recall_finger_tapping,serial_recall,3.0,none,0,10,o,r,10,False,0,0
1,serial_recall_finger_tapping,serial_recall,3.0,none,0,11,i,o,11,False,0,0
1,serial_recall_finger_tapping,serial_recall,3.0,none,0,12,w,i,12,False,0,0
1,serial_recall_finger_tapping,serial_recall,3.0,none,0,13,c,s,13,False,0,0
1,serial_recall_finger_tapping,serial_recall,3.0,none,0,14,v,k,14,False,0,0
1,serial_recall_finger_tapping,serial_recall,3.0,none,0,15,d,n,15,False,0,0
2,serial_recall_finger_tapping,serial_recall,3.0,none,0,1,w,h,1,False,0,0
2,serial_recall_finger_tapping,serial_recall,3.0,none,0,2,h,j,2,False,0,0
2,serial_recall_finger_tapping,serial_recall,3.0,none,0,3,j,j,3,True,0,0
2,serial_recall_finger_tapping,serial_recall,3.0,none,0,4,a,a,4,True,0,0
2,serial_recall_finger_tapping,serial_recall,3.0,none,0,5,b,r,5,False,0,0
2,serial_recall_finger_tapping,serial_recall,3.0,none,0,6,s,m,6,False,0,0
2,serial_recall_finger_tapping,serial_recall,3.0,none,0,7,e,n,7,False,0,0
2,serial_recall_finger_tapping,serial_recall,3.0,none,0,8,q,z,8,False,0,0
2,serial_recall_finger_tapping,serial_recall,3.0,none,0,9,p,g,9,False,0,0
2,serial_recall_finger_tapping,serial_recall,3.0,none,0,10,x,h,10,False,0,0
2,serial_recall_finger_tapping,serial_recall,3.0,none,0,11,d,y,11,False,0,0
2,serial_recall_finger_tapping,serial_recall,3.0,none,0,12,u,m,12,False,0,0
2,serial_recall_finger_tapping,serial_recall,3.0,none,0,13,r,j,13,False,0,0
2,serial_recall_finger_tapping,serial_recall,3.0,none,0,14,y,k,14,False,0,0
2,serial_recall_finger_tapping,serial_recall,3.0,none,0,15,l,l,15,True,0,0
3,serial_recall_finger_tapping,serial_recall,3.0,none,0,1,e,e,1,True,0,0
3,serial_recall_finger_tapping,serial_recall,3.0,none,0,2,c,x,2,False,0,0
3,serial_recall_finger_tapping,serial_recall,3.0,none,0,3,d,k,3,False,0,0
3,serial_recall_finger_tapping,serial_recall,3.0,none,0,4,k,r,4,False,0,0
3,serial_recall_finger_tapping,serial_recall,3.0,none,0,5,g,z,5,False,0,0
3,serial_recall_finger_tapping,serial_recall,3.0,none,0,6,r,a,6,False,0,0
3,serial_recall_finger_tapping,serial_recall,3.0,none,0,7,j,a,7,False,0,0
3,serial_recall_finger_tapping,serial_recall,3.0,none,0,8,t,a,8,False,0,0
3,serial_recall_finger_tapping,serial_recall,3.0,none,0,9,a,a,9,True,0,0
3,serial_recall_finger_tapping,serial_recall,3.0,none,0,10,p,p,10,True,0,0
3,serial_recall_finger_tapping,serial_recall,3.0,none,0,11,l,p,11,False,0,0
3,serial_recall_finger_tapping,serial_recall,3.0,none,0,12,x,r,12,False,0,0
3,serial_recall_finger_tapping,serial_recall,3.0,none,0,13,o,s,13,False,0,0
3,serial_recall_finger_tapping,serial_recall,3.0,none,0,14,s,t,14,False,0,0
3,serial_recall_finger_tapping,serial_recall,3.0,none,0,15,b,z,15,False,0,0
4,serial_recall_finger_tapping,serial_recall,3.0,none,0,1,j,j,1,True,0,0
4,serial_recall_finger_tapping,serial_recall,3.0,none,0,2,z,z,2,True,0,0
4,serial_recall_finger_tapping,serial_recall,3.0,none,0,3,e,e,3,True,0,0
4,serial_recall_finger_tapping,serial_recall,3.0,none,0,4,s,q,4,False,0,0
4,serial_recall_finger_tapping,serial_recall,3.0,none,0,5,k,t,5,False,0,0
4,serial_recall_finger_tapping,serial_recall,3.0,none,0,6,x,x,6,True,0,0
4,serial_recall_finger_tapping,serial_recall,3.0,none,0,7,r,oo,7,False,0,0
4,serial_recall_finger_tapping,serial_recall,3.0,none,0,8,f,o,8,False,0,0
4,serial_recall_finger_tapping,serial_recall,3.0,none,0,9,q,o,9,False,0,0
4,serial_recall_finger_tapping,serial_recall,3.0,none,0,10,b,p,10,False,0,0
4,serial_recall_finger_tapping,serial_recall,3.0,none,0,11,t,t,11,True,0,0
4,serial_recall_finger_tapping,serial_recall,3.0,none,0,12,o,r,12,False,0,0
4,serial_recall_finger_tapping,serial_recall,3.0,none,0,13,w,c,13,False,0,0
4,serial_recall_finger_tapping,serial_recall,3.0,none,0,14,g,g,14,True,0,0
4,serial_recall_finger_tapping,serial_recall,3.0,none,0,15,h,h,15,True,0,0
5,serial_recall_finger_tapping,serial_recall,3.0,none,0,1,x,x,1,True,0,0
5,serial_recall_finger_tapping,serial_recall,3.0,none,0,2,c,j,2,False,0,0
5,serial_recall_finger_tapping,serial_recall,3.0,none,0,3,n,q,3,False,0,0
5,serial_recall_finger_tapping,serial_recall,3.0,none,0,4,q,e,4,False,0,0
5,serial_recall_finger_tapping,serial_recall,3.0,none,0,5,p,r,5,False,0,0
5,serial_recall_finger_tapping,serial_recall,3.0,none,0,6,j,c,6,False,0,0
5,serial_recall_finger_tapping,serial_recall,3.0,none,0,7,e,v,7,False,0,0
5,serial_recall_finger_tapping,serial_recall,3.0,none,0,8,y,a,8,False,0,0
5,serial_recall_finger_tapping,serial_recall,3.0,none,0,9,k,z,9,False,0,0
5,serial_recall_finger_tapping,serial_recall,3.0,none,0,10,b,h,10,False,0,0
5,serial_recall_finger_tapping,serial_recall,3.0,none,0,11,r,l,11,False,0,0
5,serial_recall_finger_tapping,serial_recall,3.0,none,0,12,a,m,12,False,0,0
5,serial_recall_finger_tapping,serial_recall,3.0,none,0,13,z,d,13,False,0,0
5,serial_recall_finger_tapping,serial_recall,3.0,none,0,14,d,d,14,True,0,0
5,serial_recall_finger_tapping,serial_recall,3.0,none,0,15,f,f,15,True,0,0
6,serial_recall_finger_tapping,serial_recall,3.0,none,0,1,u,u,1,True,0,0
6,serial_recall_finger_tapping,serial_recall,3.0,none,0,2,h,hr,2,False,0,0
6,serial_recall_finger_tapping,serial_recall,3.0,none,0,3,r,r,3,True,0,0
6,serial_recall_finger_tapping,serial_recall,3.0,none,0,4,t,t,4,True,0,0
6,serial_recall_finger_tapping,serial_recall,3.0,none,0,5,g,g,5,True,0,0
6,serial_recall_finger_tapping,serial_recall,3.0,none,0,6,x,c,6,False,0,0
6,serial_recall_finger_tapping,serial_recall,3.0,none,0,7,l,p,7,False,0,0
6,serial_recall_finger_tapping,serial_recall,3.0,none,0,8,f,p,8,False,0,0
6,serial_recall_finger_tapping,serial_recall,3.0,none,0,9,m,,9,False,0,0
6,serial_recall_finger_tapping,serial_recall,3.0,none,0,10,v,p,10,False,0,0
6,serial_recall_finger_tapping,serial_recall,3.0,none,0,11,a,h,11,False,0,0
6,serial_recall_finger_tapping,serial_recall,3.0,none,0,12,z,b,12,False,0,0
6,serial_recall_finger_tapping,serial_recall,3.0,none,0,13,y,c,13,False,0,0
6,serial_recall_finger_tapping,serial_recall,3.0,none,0,14,w,h,14,False,0,0
6,serial_recall_finger_tapping,serial_recall,3.0,none,0,15,c,v,15,False,0,0
7,serial_recall_finger_tapping,serial_recall,3.0,none,0,1,k,x,1,False,0,0
7,serial_recall_finger_tapping,serial_recall,3.0,none,0,2,r,q,2,False,0,0
7,serial_recall_finger_tapping,serial_recall,3.0,none,0,3,m,h,3,False,0,0
7,serial_recall_finger_tapping,serial_recall,3.0,none,0,4,n,j,4,False,0,0
7,serial_recall_finger_tapping,serial_recall,3.0,none,0,5,e,d,5,False,0,0
7,serial_recall_finger_tapping,serial_recall,3.0,none,0,6,h,a,6,False,0,0
7,serial_recall_finger_tapping,serial_recall,3.0,none,0,7,f,n,7,False,0,0
7,serial_recall_finger_tapping,serial_recall,3.0,none,0,8,d,m,8,False,0,0
7,serial_recall_finger_tapping,serial_recall,3.0,none,0,9,t,f,9,False,0,0
7,serial_recall_finger_tapping,serial_recall,3.0,none,0,10,x,g,10,False,0,0
7,serial_recall_finger_tapping,serial_recall,3.0,none,0,11,z,y,11,False,0,0
7,serial_recall_finger_tapping,serial_recall,3.0,none,0,12,y,t,12,False,0,0
7,serial_recall_finger_tapping,serial_recall,3.0,none,0,13,u,r,13,False,0,0
7,serial_recall_finger_tapping,serial_recall,3.0,none,0,14,j,j,14,True,0,0
7,serial_recall_finger_tapping,serial_recall,3.0,none,0,15,c,c,15,True,0,0
8,serial_recall_finger_tapping,serial_recall,3.0,none,0,1,v,v,1,True,0,0
8,serial_recall_finger_tapping,serial_recall,3.0,none,0,2,n,n,2,True,0,0
8,serial_recall_finger_tapping,serial_recall,3.0,none,0,3,c,r,3,False,0,0
8,serial_recall_finger_tapping,serial_recall,3.0,none,0,4,r,k,4,False,0,0
8,serial_recall_finger_tapping,serial_recall,3.0,none,0,5,k,c,5,False,0,0
8,serial_recall_finger_tapping,serial_recall,3.0,none,0,6,e,e,6,True,0,0
8,serial_recall_finger_tapping,serial_recall,3.0,none,0,7,f,a,7,False,0,0
8,serial_recall_finger_tapping,serial_recall,3.0,none,0,8,q,a,8,False,0,0
8,serial_recall_finger_tapping,serial_recall,3.0,none,0,9,d,a,9,False,0,0
8,serial_recall_finger_tapping,serial_recall,3.0,none,0,10,j,a,10,False,0,0
8,serial_recall_finger_tapping,serial_recall,3.0,none,0,11,l,a,11,False,0,0
8,serial_recall_finger_tapping,serial_recall,3.0,none,0,12,x,a,12,False,0,0
8,serial_recall_finger_tapping,serial_recall,3.0,none,0,13,a,a,13,True,0,0
8,serial_recall_finger_tapping,serial_recall,3.0,none,0,14,u,h,14,False,0,0
8,serial_recall_finger_tapping,serial_recall,3.0,none,0,15,t,m,15,False,0,0
9,serial_recall_finger_tapping,serial_recall,3.0,none,0,1,w,w,1,True,0,0
9,serial_recall_finger_tapping,serial_recall,3.0,none,0,2,f,f,2,True,0,0
9,serial_recall_finger_tapping,serial_recall,3.0,none,0,3,c,c,3,True,0,0
9,serial_recall_finger_tapping,serial_recall,3.0,none,0,4,k,k,4,True,0,0
9,serial_recall_finger_tapping,serial_recall,3.0,none,0,5,r,r,5,True,0,0
9,serial_recall_finger_tapping,serial_recall,3.0,none,0,6,t,g,6,False,0,0
9,serial_recall_finger_tapping,serial_recall,3.0,none,0,7,v,g,7,False,0,0
9,serial_recall_finger_tapping,serial_recall,3.0,none,0,8,j,g,8,False,0,0
9,serial_recall_finger_tapping,serial_recall,3.0,none,0,9,d,c,9,False,0,0
9,serial_recall_finger_tapping,serial_recall,3.0,none,0,10,b,h,10,False,0,0
9,serial_recall_finger_tapping,serial_recall,3.0,none,0,11,m,m,11,True,0,0
9,serial_recall_finger_tapping,serial_recall,3.0,none,0,12,u,u,12,True,0,0
9,serial_recall_finger_tapping,serial_recall,3.0,none,0,13,e,e,13,True,0,0
9,serial_recall_finger_tapping,serial_recall,3.0,none,0,14,a,a,14,True,0,0
9,serial_recall_finger_tapping,serial_recall,3.0,none,0,15,l,l,15,True,0,0
10,serial_recall_finger_tapping,serial_recall,3.0,none,0,1,i,i,1,True,0,0
10,serial_recall_finger_tapping,serial_recall,3.0,none,0,2,o,o,2,True,0,0
10,serial_recall_finger_tapping,serial_recall,3.0,none,0,3,u,u,3,True,0,0
10,serial_recall_finger_tapping,serial_recall,3.0,none,0,4,l,,4,False,0,0
10,serial_recall_finger_tapping,serial_recall,3.0,none,0,5,v,h,5,False,0,0
10,serial_recall_finger_tapping,serial_recall,3.0,none,0,6,h,v,6,False,0,0
10,serial_recall_finger_tapping,serial_recall,3.0,none,0,7,j,d,7,False,0,0
10,serial_recall_finger_tapping,serial_recall,3.0,none,0,8,n,a,8,False,0,0
10,serial_recall_finger_tapping,serial_recall,3.0,none,0,9,x,s,9,False,0,0
10,serial_recall_finger_tapping,serial_recall,3.0,none,0,10,r,d,10,False,0,0
10,serial_recall_finger_tapping,serial_recall,3.0,none,0,11,t,z,11,False,0,0
10,serial_recall_finger_tapping,serial_recall,3.0,none,0,12,z,z,12,True,0,0
10,serial_recall_finger_tapping,serial_recall,3.0,none,0,13,e,e,13,True,0,0
10,serial_recall_finger_tapping,serial_recall,3.0,none,0,14,s,s,14,True,0,0
10,serial_recall_finger_tapping,serial_recall,3.0,none,0,15,f,a,15,False,0,0
11,serial_recall_finger_tapping,serial_recall,3.0,none,0,1,y,y,1,True,0,0
11,serial_recall_finger_tapping,serial_recall,3.0,none,0,2,d,d,2,True,0,0
11,serial_recall_finger_tapping,serial_recall,3.0,none,0,3,i,i,3,True,0,0
11,serial_recall_finger_tapping,serial_recall,3.0,none,0,4,q,q,4,True,0,0
11,serial_recall_finger_tapping,serial_recall,3.0,none,0,5,w,w,5,True,0,0
11,serial_recall_finger_tapping,serial_recall,3.0,none,0,6,f,f,6,True,0,0
11,serial_recall_finger_tapping,serial_recall,3.0,none,0,7,x,s,7,False,0,0
11,serial_recall_finger_tapping,serial_recall,3.0,none,0,8,z,a,8,False,0,0
11,serial_recall_finger_tapping,serial_recall,3.0,none,0,9,m,m,9,True,0,0
11,serial_recall_finger_tapping,serial_recall,3.0,none,0,10,p,m,10,False,0,0
11,serial_recall_finger_tapping,serial_recall,3.0,none,0,11,n,r,11,False,0,0
11,serial_recall_finger_tapping,serial_recall,3.0,none,0,12,g,s,12,False,0,0
11,serial_recall_finger_tapping,serial_recall,3.0,none,0,13,j,j,13,True,0,0
11,serial_recall_finger_tapping,serial_recall,3.0,none,0,14,b,b,14,True,0,0
11,serial_recall_finger_tapping,serial_recall,3.0,none,0,15,s,s,15,True,0,0
12,serial_recall_finger_tapping,serial_recall,3.0,none,0,1,u,u,1,True,0,0
12,serial_recall_finger_tapping,serial_recall,3.0,none,0,2,z,s,2,False,0,0
12,serial_recall_finger_tapping,serial_recall,3.0,none,0,3,p,p,3,True,0,0
12,serial_recall_finger_tapping,serial_recall,3.0,none,0,4,y,a,4,False,0,0
12,serial_recall_finger_tapping,serial_recall,3.0,none,0,5,h,s,5,False,0,0
12,serial_recall_finger_tapping,serial_recall,3.0,none,0,6,j,a,6,False,0,0
12,serial_recall_finger_tapping,serial_recall,3.0,none,0,7,m,s,7,False,0,0
12,serial_recall_finger_tapping,serial_recall,3.0,none,0,8,w,v,8,False,0,0
12,serial_recall_finger_tapping,serial_recall,3.0,none,0,9,k,cx,9,False,0,0
12,serial_recall_finger_tapping,serial_recall,3.0,none,0,10,n,x,10,False,0,0
12,serial_recall_finger_tapping,serial_recall,3.0,none,0,11,e,e,11,True,0,0
12,serial_recall_finger_tapping,serial_recall,3.0,none,0,12,x,x,12,True,0,0
12,serial_recall_finger_tapping,serial_recall,3.0,none,0,13,t,p,13,False,0,0
12,serial_recall_finger_tapping,serial_recall,3.0,none,0,14,b,d,14,False,0,0
12,serial_recall_finger_tapping,serial_recall,3.0,none,0,15,c,t,15,False,0,0
13,serial_recall_finger_tapping,serial_recall,3.0,none,0,1,e,e,1,True,0,0
13,serial_recall_finger_tapping,serial_recall,3.0,none,0,2,a,a,2,True,0,0
13,serial_recall_finger_tapping,serial_recall,3.0,none,0,3,j,x,3,False,0,0
13,serial_recall_finger_tapping,serial_recall,3.0,none,0,4,o,w,4,False,0,0
13,serial_recall_finger_tapping,serial_recall,3.0,none,0,5,x,d,5,False,0,0
13,serial_recall_finger_tapping,serial_recall,3.0,none,0,6,r,g,6,False,0,0
13,serial_recall_finger_tapping,serial_recall,3.0,none,0,7,w,h,7,False,0,0
13,serial_recall_finger_tapping,serial_recall,3.0,none,0,8,n,m,8,False,0,0
13,serial_recall_finger_tapping,serial_recall,3.0,none,0,9,d,v,9,False,0,0
13,serial_recall_finger_tapping,serial_recall,3.0,none,0,10,p,w,10,False,0,0
13,serial_recall_finger_tapping,serial_recall,3.0,none,0,11,z,t,11,False,0,0
13,serial_recall_finger_tapping,serial_recall,3.0,none,0,12,b,g,12,False,0,0
13,serial_recall_finger_tapping,serial_recall,3.0,none,0,13,l,,13,False,0,0
13,serial_recall_finger_tapping,serial_recall,3.0,none,0,14,v,b,14,False,0,0
13,serial_recall_finger_tapping,serial_recall,3.0,none,0,15,i,l,15,False,0,0
14,serial_recall_finger_tapping,serial_recall,3.0,none,0,1,k,ll,1,False,0,0
14,serial_recall_finger_tapping,serial_recall,3.0,none,0,2,f,u,2,False,0,0
14,serial_recall_finger_tapping,serial_recall,3.0,none,0,3,o,s,3,False,0,0
14,serial_recall_finger_tapping,serial_recall,3.0,none,0,4,n,u,4,False,0,0
14,serial_recall_finger_tapping,serial_recall,3.0,none,0,5,s,s,5,True,0,0
14,serial_recall_finger_tapping,serial_recall,3.0,none,0,6,r,,6,False,0,0
14,serial_recall_finger_tapping,serial_recall,3.0,none,0,7,w,l,7,False,0,0
14,serial_recall_finger_tapping,serial_recall,3.0,none,0,8,j,r,8,False,0,0
14,serial_recall_finger_tapping,serial_recall,3.0,none,0,9,y,z,9,False,0,0
14,serial_recall_finger_tapping,serial_recall,3.0,none,0,10,b,h,10,False,0,0
14,serial_recall_finger_tapping,serial_recall,3.0,none,0,11,v,a,11,False,0,0
14,serial_recall_finger_tapping,serial_recall,3.0,none,0,12,l,s,12,False,0,0
14,serial_recall_finger_tapping,serial_recall,3.0,none,0,13,x,g,13,False,0,0
14,serial_recall_finger_tapping,serial_recall,3.0,none,0,14,h,b,14,False,0,0
14,serial_recall_finger_tapping,serial_recall,3.0,none,0,15,m,n,15,False,0,0
15,serial_recall_finger_tapping,serial_recall,3.0,none,0,1,q,e,1,False,0,0
15,serial_recall_finger_tapping,serial_recall,3.0,none,0,2,m,a,2,False,0,0
15,serial_recall_finger_tapping,serial_recall,3.0,none,0,3,e,x,3,False,0,0
15,serial_recall_finger_tapping,serial_recall,3.0,none,0,4,n,s,4,False,0,0
15,serial_recall_finger_tapping,serial_recall,3.0,none,0,5,i,a,5,False,0,0
15,serial_recall_finger_tapping,serial_recall,3.0,none,0,6,x,g,6,False,0,0
15,serial_recall_finger_tapping,serial_recall,3.0,none,0,7,t,h,7,False,0,0
15,serial_recall_finger_tapping,serial_recall,3.0,none,0,8,f,a,8,False,0,0
15,serial_recall_finger_tapping,serial_recall,3.0,none,0,9,u,b,9,False,0,0
15,serial_recall_finger_tapping,serial_recall,3.0,none,0,10,g,n,10,False,0,0
15,serial_recall_finger_tapping,serial_recall,3.0,none,0,11,s,y,11,False,0,0
15,serial_recall_finger_tapping,serial_recall,3.0,none,0,12,y,s,12,False,0,0
15,serial_recall_finger_tapping,serial_recall,3.0,none,0,13,p,p,13,True,0,0
15,serial_recall_finger_tapping,serial_recall,3.0,none,0,14,o,o,14,True,0,0
15,serial_recall_finger_tapping,serial_recall,3.0,none,0,15,c,c,15,True,0,0
1,serial_recall_articulatory_suppresion,serial_recall,3.0,none,0,1,j,j,1,True,0,0
1,serial_recall_articulatory_suppresion,serial_recall,3.0,none,0,2,y,y,2,True,0,0
1,serial_recall_articulatory_suppresion,serial_recall,3.0,none,0,3,p,p,3,True,0,0
1,serial_recall_articulatory_suppresion,serial_recall,3.0,none,0,4,f,m,4,False,0,0
1,serial_recall_articulatory_suppresion,serial_recall,3.0,none,0,5,v,a,5,False,0,0
1,serial_recall_articulatory_suppresion,serial_recall,3.0,none,0,6,w,g,6,False,0,0
1,serial_recall_articulatory_suppresion,serial_recall,3.0,none,0,7,l,h,7,False,0,0
1,serial_recall_articulatory_suppresion,serial_recall,3.0,none,0,8,b,x,8,False,0,0
1,serial_recall_articulatory_suppresion,serial_recall,3.0,none,0,9,o,n,9,False,0,0
1,serial_recall_articulatory_suppresion,serial_recall,3.0,none,0,10,n,s,10,False,0,0
1,serial_recall_articulatory_suppresion,serial_recall,3.0,none,0,11,s,c,11,False,0,0
1,serial_recall_articulatory_suppresion,serial_recall,3.0,none,0,12,c,c,12,True,0,0
1,serial_recall_articulatory_suppresion,serial_recall,3.0,none,0,13,q,c,13,False,0,0
1,serial_recall_articulatory_suppresion,serial_recall,3.0,none,0,14,z,d,14,False,0,0
1,serial_recall_articulatory_suppresion,serial_recall,3.0,none,0,15,d,z,15,False,0,0
2,serial_recall_articulatory_suppresion,serial_recall,3.0,none,0,1,g,g,1,True,0,0
2,serial_recall_articulatory_suppresion,serial_recall,3.0,none,0,2,z,z,2,True,0,0
2,serial_recall_articulatory_suppresion,serial_recall,3.0,none,0,3,h,h,3,True,0,0
2,serial_recall_articulatory_suppresion,serial_recall,3.0,none,0,4,s,s,4,True,0,0
2,serial_recall_articulatory_suppresion,serial_recall,3.0,none,0,5,m,v,5,False,0,0
2,serial_recall_articulatory_suppresion,serial_recall,3.0,none,0,6,u,v,6,False,0,0
2,serial_recall_articulatory_suppresion,serial_recall,3.0,none,0,7,v,v,7,True,0,0
2,serial_recall_articulatory_suppresion,serial_recall,3.0,none,0,8,n,v,8,False,0,0
2,serial_recall_articulatory_suppresion,serial_recall,3.0,none,0,9,t,h,9,False,0,0
2,serial_recall_articulatory_suppresion,serial_recall,3.0,none,0,10,y,g,10,False,0,0
2,serial_recall_articulatory_suppresion,serial_recall,3.0,none,0,11,q,g,11,False,0,0
2,serial_recall_articulatory_suppresion,serial_recall,3.0,none,0,12,w,g,12,False,0,0
2,serial_recall_articulatory_suppresion,serial_recall,3.0,none,0,13,o,y,13,False,0,0
2,serial_recall_articulatory_suppresion,serial_recall,3.0,none,0,14,b,s,14,False,0,0
2,serial_recall_articulatory_suppresion,serial_recall,3.0,none,0,15,k,c,15,False,0,0
3,serial_recall_articulatory_suppresion,serial_recall,3.0,none,0,1,a,a,1,True,0,0
3,serial_recall_articulatory_suppresion,serial_recall,3.0,none,0,2,e,e,2,True,0,0
3,serial_recall_articulatory_suppresion,serial_recall,3.0,none,0,3,h,h,3,True,0,0
3,serial_recall_articulatory_suppresion,serial_recall,3.0,none,0,4,g,g,4,True,0,0
3,serial_recall_articulatory_suppresion,serial_recall,3.0,none,0,5,b,b,5,True,0,0
3,serial_recall_articulatory_suppresion,serial_recall,3.0,none,0,6,z,d,6,False,0,0
3,serial_recall_articulatory_suppresion,serial_recall,3.0,none,0,7,c,v,7,False,0,0
3,serial_recall_articulatory_suppresion,serial_recall,3.0,none,0,8,l,v,8,False,0,0
3,serial_recall_articulatory_suppresion,serial_recall,3.0,none,0,9,r,r,9,True,0,0
3,serial_recall_articulatory_suppresion,serial_recall,3.0,none,0,10,d,r,10,False,0,0
3,serial_recall_articulatory_suppresion,serial_recall,3.0,none,0,11,t,t,11,True,0,0
3,serial_recall_articulatory_suppresion,serial_recall,3.0,none,0,12,x,t,12,False,0,0
3,serial_recall_articulatory_suppresion,serial_recall,3.0,none,0,13,q,z,13,False,0,0
3,serial_recall_articulatory_suppresion,serial_recall,3.0,none,0,14,y,y,14,True,0,0
3,serial_recall_articulatory_suppresion,serial_recall,3.0,none,0,15,k,b,15,False,0,0
4,serial_recall_articulatory_suppresion,serial_recall,3.0,none,0,1,i,i,1,True,0,0
4,serial_recall_articulatory_suppresion,serial_recall,3.0,none,0,2,c,h,2,False,0,0
4,serial_recall_articulatory_suppresion,serial_recall,3.0,none,0,3,p,p,3,True,0,0
4,serial_recall_articulatory_suppresion,serial_recall,3.0,none,0,4,q,q,4,True,0,0
4,serial_recall_articulatory_suppresion,serial_recall,3.0,none,0,5,w,b,5,False,0,0
4,serial_recall_articulatory_suppresion,serial_recall,3.0,none,0,6,h,a,6,False,0,0
4,serial_recall_articulatory_suppresion,serial_recall,3.0,none,0,7,g,a,7,False,0,0
4,serial_recall_articulatory_suppresion,serial_recall,3.0,none,0,8,b,a,8,False,0,0
4,serial_recall_articulatory_suppresion,serial_recall,3.0,none,0,9,a,r,9,False,0,0
4,serial_recall_articulatory_suppresion,serial_recall,3.0,none,0,10,j,t,10,False,0,0
4,serial_recall_articulatory_suppresion,serial_recall,3.0,none,0,11,f,s,11,False,0,0
4,serial_recall_articulatory_suppresion,serial_recall,3.0,none,0,12,k,k,12,True,0,0
4,serial_recall_articulatory_suppresion,serial_recall,3.0,none,0,13,t,t,13,True,0,0
4,serial_recall_articulatory_suppresion,serial_recall,3.0,none,0,14,z,z,14,True,0,0
4,serial_recall_articulatory_suppresion,serial_recall,3.0,none,0,15,d,q,15,False,0,0
5,serial_recall_articulatory_suppresion,serial_recall,3.0,none,0,1,x,x,1,True,0,0
5,serial_recall_articulatory_suppresion,serial_recall,3.0,none,0,2,t,t,2,True,0,0
5,serial_recall_articulatory_suppresion,serial_recall,3.0,none,0,3,o,o,3,True,0,0
5,serial_recall_articulatory_suppresion,serial_recall,3.0,none,0,4,y,y,4,True,0,0
5,serial_recall_articulatory_suppresion,serial_recall,3.0,none,0,5,w,v,5,False,0,0
5,serial_recall_articulatory_suppresion,serial_recall,3.0,none,0,6,v,w,6,False,0,0
5,serial_recall_articulatory_suppresion,serial_recall,3.0,none,0,7,c,d,7,False,0,0
5,serial_recall_articulatory_suppresion,serial_recall,3.0,none,0,8,b,d,8,False,0,0
5,serial_recall_articulatory_suppresion,serial_recall,3.0,none,0,9,d,d,9,True,0,0
5,serial_recall_articulatory_suppresion,serial_recall,3.0,none,0,10,p,a,10,False,0,0
5,serial_recall_articulatory_suppresion,serial_recall,3.0,none,0,11,r,a,11,False,0,0
5,serial_recall_articulatory_suppresion,serial_recall,3.0,none,0,12,a,h,12,False,0,0
5,serial_recall_articulatory_suppresion,serial_recall,3.0,none,0,13,g,k,13,False,0,0
5,serial_recall_articulatory_suppresion,serial_recall,3.0,none,0,14,j,l,14,False,0,0
5,serial_recall_articulatory_suppresion,serial_recall,3.0,none,0,15,i,m,15,False,0,0
6,serial_recall_articulatory_suppresion,serial_recall,3.0,none,0,1,g,k,1,False,0,0
6,serial_recall_articulatory_suppresion,serial_recall,3.0,none,0,2,h,y,2,False,0,0
6,serial_recall_articulatory_suppresion,serial_recall,3.0,none,0,3,y,l,3,False,0,0
6,serial_recall_articulatory_suppresion,serial_recall,3.0,none,0,4,q,z,4,False,0,0
6,serial_recall_articulatory_suppresion,serial_recall,3.0,none,0,5,u,x,5,False,0,0
6,serial_recall_articulatory_suppresion,serial_recall,3.0,none,0,6,j,c,6,False,0,0
6,serial_recall_articulatory_suppresion,serial_recall,3.0,none,0,7,f,b,7,False,0,0
6,serial_recall_articulatory_suppresion,serial_recall,3.0,none,0,8,z,z,8,True,0,0
6,serial_recall_articulatory_suppresion,serial_recall,3.0,none,0,9,k,j,9,False,0,0
6,serial_recall_articulatory_suppresion,serial_recall,3.0,none,0,10,t,k,10,False,0,0
6,serial_recall_articulatory_suppresion,serial_recall,3.0,none,0,11,e,r,11,False,0,0
6,serial_recall_articulatory_suppresion,serial_recall,3.0,none,0,12,l,l,12,True,0,0
6,serial_recall_articulatory_suppresion,serial_recall,3.0,none,0,13,o,o,13,True,0,0
6,serial_recall_articulatory_suppresion,serial_recall,3.0,none,0,14,d,d,14,True,0,0
6,serial_recall_articulatory_suppresion,serial_recall,3.0,none,0,15,v,v,15,True,0,0
7,serial_recall_articulatory_suppresion,serial_recall,3.0,none,0,1,d,d,1,True,0,0
7,serial_recall_articulatory_suppresion,serial_recall,3.0,none,0,2,j,j,2,True,0,0
7,serial_recall_articulatory_suppresion,serial_recall,3.0,none,0,3,x,x,3,True,0,0
7,serial_recall_articulatory_suppresion,serial_recall,3.0,none,0,4,e,e,4,True,0,0
7,serial_recall_articulatory_suppresion,serial_recall,3.0,none,0,5,r,r,5,True,0,0
7,serial_recall_articulatory_suppresion,serial_recall,3.0,none,0,6,y,y,6,True,0,0
7,serial_recall_articulatory_suppresion,serial_recall,3.0,none,0,7,z,b,7,False,0,0
7,serial_recall_articulatory_suppresion,serial_recall,3.0,none,0,8,b,q,8,False,0,0
7,serial_recall_articulatory_suppresion,serial_recall,3.0,none,0,9,s,g,9,False,0,0
7,serial_recall_articulatory_suppresion,serial_recall,3.0,none,0,10,m,h,10,False,0,0
7,serial_recall_articulatory_suppresion,serial_recall,3.0,none,0,11,p,c,11,False,0,0
7,serial_recall_articulatory_suppresion,serial_recall,3.0,none,0,12,h,v,12,False,0,0
7,serial_recall_articulatory_suppresion,serial_recall,3.0,none,0,13,o,o,13,True,0,0
7,serial_recall_articulatory_suppresion,serial_recall,3.0,none,0,14,g,g,14,True,0,0
7,serial_recall_articulatory_suppresion,serial_recall,3.0,none,0,15,a,a,15,True,0,0
8,serial_recall_articulatory_suppresion,serial_recall,3.0,none,0,1,b,b,1,True,0,0
8,serial_recall_articulatory_suppresion,serial_recall,3.0,none,0,2,l,,2,False,0,0
8,serial_recall_articulatory_suppresion,serial_recall,3.0,none,0,3,e,e,3,True,0,0
8,serial_recall_articulatory_suppresion,serial_recall,3.0,none,0,4,d,d,4,True,0,0
8,serial_recall_articulatory_suppresion,serial_recall,3.0,none,0,5,h,o,5,False,0,0
8,serial_recall_articulatory_suppresion,serial_recall,3.0,none,0,6,o,j,6,False,0,0
8,serial_recall_articulatory_suppresion,serial_recall,3.0,none,0,7,j,v,7,False,0,0
8,serial_recall_articulatory_suppresion,serial_recall,3.0,none,0,8,w,x,8,False,0,0
8,serial_recall_articulatory_suppresion,serial_recall,3.0,none,0,9,u,c,9,False,0,0
8,serial_recall_articulatory_suppresion,serial_recall,3.0,none,0,10,m,h,10,False,0,0
8,serial_recall_articulatory_suppresion,serial_recall,3.0,none,0,11,z,g,11,False,0,0
8,serial_recall_articulatory_suppresion,serial_recall,3.0,none,0,12,t,t,12,True,0,0
8,serial_recall_articulatory_suppresion,serial_recall,3.0,none,0,13,a,a,13,True,0,0
8,serial_recall_articulatory_suppresion,serial_recall,3.0,none,0,14,i,i,14,True,0,0
8,serial_recall_articulatory_suppresion,serial_recall,3.0,none,0,15,c,c,15,True,0,0
9,serial_recall_articulatory_suppresion,serial_recall,3.0,none,0,1,s,s,1,True,0,0
9,serial_recall_articulatory_suppresion,serial_recall,3.0,none,0,2,a,la,2,False,0,0
9,serial_recall_articulatory_suppresion,serial_recall,3.0,none,0,3,o,a,3,False,0,0
9,serial_recall_articulatory_suppresion,serial_recall,3.0,none,0,4,q,q,4,True,0,0
9,serial_recall_articulatory_suppresion,serial_recall,3.0,none,0,5,l,e,5,False,0,0
9,serial_recall_articulatory_suppresion,serial_recall,3.0,none,0,6,e,t,6,False,0,0
9,serial_recall_articulatory_suppresion,serial_recall,3.0,none,0,7,y,,7,False,0,0
9,serial_recall_articulatory_suppresion,serial_recall,3.0,none,0,8,t,s,8,False,0,0
9,serial_recall_articulatory_suppresion,serial_recall,3.0,none,0,9,i,h,9,False,0,0
9,serial_recall_articulatory_suppresion,serial_recall,3.0,none,0,10,v,b,10,False,0,0
9,serial_recall_articulatory_suppresion,serial_recall,3.0,none,0,11,b,v,11,False,0,0
9,serial_recall_articulatory_suppresion,serial_recall,3.0,none,0,12,z,k,12,False,0,0
9,serial_recall_articulatory_suppresion,serial_recall,3.0,none,0,13,m,k,13,False,0,0
9,serial_recall_articulatory_suppresion,serial_recall,3.0,none,0,14,x,b,14,False,0,0
9,serial_recall_articulatory_suppresion,serial_recall,3.0,none,0,15,p,c,15,False,0,0
10,serial_recall_articulatory_suppresion,serial_recall,3.0,none,0,1,t,t,1,True,0,0
10,serial_recall_articulatory_suppresion,serial_recall,3.0,none,0,2,k,k,2,True,0,0
10,serial_recall_articulatory_suppresion,serial_recall,3.0,none,0,3,i,u,3,False,0,0
10,serial_recall_articulatory_suppresion,serial_recall,3.0,none,0,4,u,i,4,False,0,0
10,serial_recall_articulatory_suppresion,serial_recall,3.0,none,0,5,s,s,5,True,0,0
10,serial_recall_articulatory_suppresion,serial_recall,3.0,none,0,6,y,h,6,False,0,0
10,serial_recall_articulatory_suppresion,serial_recall,3.0,none,0,7,r,d,7,False,0,0
10,serial_recall_articulatory_suppresion,serial_recall,3.0,none,0,8,l,c,8,False,0,0
10,serial_recall_articulatory_suppresion,serial_recall,3.0,none,0,9,h,v,9,False,0,0
10,serial_recall_articulatory_suppresion,serial_recall,3.0,none,0,10,b,z,10,False,0,0
10,serial_recall_articulatory_suppresion,serial_recall,3.0,none,0,11,o,z,11,False,0,0
10,serial_recall_articulatory_suppresion,serial_recall,3.0,none,0,12,z,z,12,True,0,0
10,serial_recall_articulatory_suppresion,serial_recall,3.0,none,0,13,a,a,13,True,0,0
10,serial_recall_articulatory_suppresion,serial_recall,3.0,none,0,14,c,c,14,True,0,0
10,serial_recall_articulatory_suppresion,serial_recall,3.0,none,0,15,v,g,15,False,0,0
11,serial_recall_articulatory_suppresion,serial_recall,3.0,none,0,1,o,o,1,True,0,0
11,serial_recall_articulatory_suppresion,serial_recall,3.0,none,0,2,r,r,2,True,0,0
11,serial_recall_articulatory_suppresion,serial_recall,3.0,none,0,3,f,x,3,False,0,0
11,serial_recall_articulatory_suppresion,serial_recall,3.0,none,0,4,g,g,4,True,0,0
11,serial_recall_articulatory_suppresion,serial_recall,3.0,none,0,5,a,nfipa,5,False,0,0
11,serial_recall_articulatory_suppresion,serial_recall,3.0,none,0,6,v,a,6,False,0,0
11,serial_recall_articulatory_suppresion,serial_recall,3.0,none,0,7,x,a,7,False,0,0
11,serial_recall_articulatory_suppresion,serial_recall,3.0,none,0,8,u,g,8,False,0,0
11,serial_recall_articulatory_suppresion,serial_recall,3.0,none,0,9,s,h,9,False,0,0
11,serial_recall_articulatory_suppresion,serial_recall,3.0,none,0,10,h,n,10,False,0,0
11,serial_recall_articulatory_suppresion,serial_recall,3.0,none,0,11,l,v,11,False,0,0
11,serial_recall_articulatory_suppresion,serial_recall,3.0,none,0,12,c,cx,12,False,0,0
11,serial_recall_articulatory_suppresion,serial_recall,3.0,none,0,13,b,d,13,False,0,0
11,serial_recall_articulatory_suppresion,serial_recall,3.0,none,0,14,i,,14,False,0,0
11,serial_recall_articulatory_suppresion,serial_recall,3.0,none,0,15,q,g,15,False,0,0
12,serial_recall_articulatory_suppresion,serial_recall,3.0,none,0,1,q,q,1,True,0,0
12,serial_recall_articulatory_suppresion,serial_recall,3.0,none,0,2,z,r,2,False,0,0
12,serial_recall_articulatory_suppresion,serial_recall,3.0,none,0,3,t,t,3,True,0,0
12,serial_recall_articulatory_suppresion,serial_recall,3.0,none,0,4,m,z,4,False,0,0
12,serial_recall_articulatory_suppresion,serial_recall,3.0,none,0,5,u,f,5,False,0,0
12,serial_recall_articulatory_suppresion,serial_recall,3.0,none,0,6,a,g,6,False,0,0
12,serial_recall_articulatory_suppresion,serial_recall,3.0,none,0,7,b,h,7,False,0,0
12,serial_recall_articulatory_suppresion,serial_recall,3.0,none,0,8,y,b,8,False,0,0
12,serial_recall_articulatory_suppresion,serial_recall,3.0,none,0,9,r,b,9,False,0,0
12,serial_recall_articulatory_suppresion,serial_recall,3.0,none,0,10,n,x,10,False,0,0
12,serial_recall_articulatory_suppresion,serial_recall,3.0,none,0,11,h,c,11,False,0,0
12,serial_recall_articulatory_suppresion,serial_recall,3.0,none,0,12,j,h,12,False,0,0
12,serial_recall_articulatory_suppresion,serial_recall,3.0,none,0,13,c,j,13,False,0,0
12,serial_recall_articulatory_suppresion,serial_recall,3.0,none,0,14,s,j,14,False,0,0
12,serial_recall_articulatory_suppresion,serial_recall,3.0,none,0,15,v,k,15,False,0,0
13,serial_recall_articulatory_suppresion,serial_recall,3.0,none,0,1,u,u,1,True,0,0
13,serial_recall_articulatory_suppresion,serial_recall,3.0,none,0,2,l,l,2,True,0,0
13,serial_recall_articulatory_suppresion,serial_recall,3.0,none,0,3,c,c,3,True,0,0
13,serial_recall_articulatory_suppresion,serial_recall,3.0,none,0,4,m,m,4,True,0,0
13,serial_recall_articulatory_suppresion,serial_recall,3.0,none,0,5,f,r,5,False,0,0
13,serial_recall_articulatory_suppresion,serial_recall,3.0,none,0,6,g,a,6,False,0,0
13,serial_recall_articulatory_suppresion,serial_recall,3.0,none,0,7,e,e,7,True,0,0
13,serial_recall_articulatory_suppresion,serial_recall,3.0,none,0,8,s,b,8,False,0,0
13,serial_recall_articulatory_suppresion,serial_recall,3.0,none,0,9,d,k,9,False,0,0
13,serial_recall_articulatory_suppresion,serial_recall,3.0,none,0,10,v,x,10,False,0,0
13,serial_recall_articulatory_suppresion,serial_recall,3.0,none,0,11,j,c,11,False,0,0
13,serial_recall_articulatory_suppresion,serial_recall,3.0,none,0,12,t,s,12,False,0,0
13,serial_recall_articulatory_suppresion,serial_recall,3.0,none,0,13,z,z,13,True,0,0
13,serial_recall_articulatory_suppresion,serial_recall,3.0,none,0,14,x,x,14,True,0,0
13,serial_recall_articulatory_suppresion,serial_recall,3.0,none,0,15,i,l,15,False,0,0
14,serial_recall_articulatory_suppresion,serial_recall,3.0,none,0,1,t,t,1,True,0,0
14,serial_recall_articulatory_suppresion,serial_recall,3.0,none,0,2,m,m,2,True,0,0
14,serial_recall_articulatory_suppresion,serial_recall,3.0,none,0,3,o,o,3,True,0,0
14,serial_recall_articulatory_suppresion,serial_recall,3.0,none,0,4,b,b,4,True,0,0
14,serial_recall_articulatory_suppresion,serial_recall,3.0,none,0,5,n,r,5,False,0,0
14,serial_recall_articulatory_suppresion,serial_recall,3.0,none,0,6,d,g,6,False,0,0
14,serial_recall_articulatory_suppresion,serial_recall,3.0,none,0,7,y,s,7,False,0,0
14,serial_recall_articulatory_suppresion,serial_recall,3.0,none,0,8,a,f,8,False,0,0
14,serial_recall_articulatory_suppresion,serial_recall,3.0,none,0,9,j,z,9,False,0,0
14,serial_recall_articulatory_suppresion,serial_recall,3.0,none,0,10,f,t,10,False,0,0
14,serial_recall_articulatory_suppresion,serial_recall,3.0,none,0,11,i,c,11,False,0,0
14,serial_recall_articulatory_suppresion,serial_recall,3.0,none,0,12,p,h,12,False,0,0
14,serial_recall_articulatory_suppresion,serial_recall,3.0,none,0,13,k,f,13,False,0,0
14,serial_recall_articulatory_suppresion,serial_recall,3.0,none,0,14,e,e,14,True,0,0
14,serial_recall_articulatory_suppresion,serial_recall,3.0,none,0,15,w,w,15,True,0,0
15,serial_recall_articulatory_suppresion,serial_recall,3.0,none,0,1,w,w,1,True,0,0
15,serial_recall_articulatory_suppresion,serial_recall,3.0,none,0,2,y,y,2,True,0,0
15,serial_recall_articulatory_suppresion,serial_recall,3.0,none,0,3,z,z,3,True,0,0
15,serial_recall_articulatory_suppresion,serial_recall,3.0,none,0,4,u,u,4,True,0,0
15,serial_recall_articulatory_suppresion,serial_recall,3.0,none,0,5,p,p,5,True,0,0
15,serial_recall_articulatory_suppresion,serial_recall,3.0,none,0,6,v,v,6,True,0,0
15,serial_recall_articulatory_suppresion,serial_recall,3.0,none,0,7,x,d,7,False,0,0
15,serial_recall_articulatory_suppresion,serial_recall,3.0,none,0,8,m,a,8,False,0,0
15,serial_recall_articulatory_suppresion,serial_recall,3.0,none,0,9,g,s,9,False,0,0
15,serial_recall_articulatory_suppresion,serial_recall,3.0,none,0,10,a,f,10,False,0,0
15,serial_recall_articulatory_suppresion,serial_recall,3.0,none,0,11,n,g,11,False,0,0
15,serial_recall_articulatory_suppresion,serial_recall,3.0,none,0,12,l,h,12,False,0,0
15,serial_recall_articulatory_suppresion,serial_recall,3.0,none,0,13,c,,13,False,0,0
15,serial_recall_articulatory_suppresion,serial_recall,3.0,none,0,14,q,j,14,False,0,0
15,serial_recall_articulatory_suppresion,serial_recall,3.0,none,0,15,f,v,15,False,0,0
1,serial_recall_chunking,serial_recall,3.0,none,0,1,danserne,danserne,1,True,0,0
1,serial_recall_chunking,serial_recall,3.0,none,0,2,øvede,øvede,2,True,0,0
1,serial_recall_chunking,serial_recall,3.0,none,0,3,trinene,langsomt,3,False,0,0
1,serial_recall_chunking,serial_recall,3.0,none,0,4,langsomt,op,4,False,0,0
1,serial_recall_chunking,serial_recall,3.0,none,0,5,først,før,5,False,0,0
1,serial_recall_chunking,serial_recall,3.0,none,0,6,før,musikken,6,False,0,0
1,serial_recall_chunking,serial_recall,3.0,none,0,7,musikken,langsomt,7,False,0,0
1,serial_recall_chunking,serial_recall,3.0,none,0,8,blev,blev,8,True,0,0
1,serial_recall_chunking,serial_recall,3.0,none,0,9,sat,sat,9,True,0,0
1,serial_recall_chunking,serial_recall,3.0,none,0,10,op,op,10,True,0,0
1,serial_recall_chunking,serial_recall,3.0,none,0,11,til,igen,11,False,0,0
1,serial_recall_chunking,serial_recall,3.0,none,0,12,normalt,åh,12,False,0,0
1,serial_recall_chunking,serial_recall,3.0,none,0,13,tempo,nek,13,False,0,0
1,serial_recall_chunking,serial_recall,3.0,none,0,14,igen,forkort,14,False,0,0
1,serial_recall_chunking,serial_recall,3.0,none,0,15,senere,øv,15,False,0,0
2,serial_recall_chunking,serial_recall,3.0,none,0,1,en,en,1,True,0,0
2,serial_recall_chunking,serial_recall,3.0,none,0,2,violinstreng,violinstreng,2,True,0,0
2,serial_recall_chunking,serial_recall,3.0,none,0,3,sprang,sprang,3,True,0,0
2,serial_recall_chunking,serial_recall,3.0,none,0,4,under,under,4,True,0,0
2,serial_recall_chunking,serial_recall,3.0,none,0,5,øvelsen,øvelse,5,False,0,0
2,serial_recall_chunking,serial_recall,3.0,none,0,6,så,så,6,True,0,0
2,serial_recall_chunking,serial_recall,3.0,none,0,7,musikeren,spilleren,7,False,0,0
2,serial_recall_chunking,serial_recall,3.0,none,0,8,fandt,fandt,8,True,0,0
2,serial_recall_chunking,serial_recall,3.0,none,0,9,et,et,9,True,0,0
2,serial_recall_chunking,serial_recall,3.0,none,0,10,nyt,nyt,10,True,0,0
2,serial_recall_chunking,serial_recall,3.0,none,0,11,sæt,sæt,11,True,0,0
2,serial_recall_chunking,serial_recall,3.0,none,0,12,i,i,12,True,0,0
2,serial_recall_chunking,serial_recall,3.0,none,0,13,tasken,tasken,13,True,0,0
2,serial_recall_chunking,serial_recall,3.0,none,0,14,ved,ved,14,True,0,0
2,serial_recall_chunking,serial_recall,3.0,none,0,15,stolen,stolen,15,True,0,0
3,serial_recall_chunking,serial_recall,3.0,none,0,1,museets,museets,1,True,0,0
3,serial_recall_chunking,serial_recall,3.0,none,0,2,nye,nye,2,True,0,0
3,serial_recall_chunking,serial_recall,3.0,none,0,3,udstilling,udstilling,3,True,0,0
3,serial_recall_chunking,serial_recall,3.0,none,0,4,viste,viste,4,True,0,0
3,serial_recall_chunking,serial_recall,3.0,none,0,5,skitser,malerens,5,False,0,0
3,serial_recall_chunking,serial_recall,3.0,none,0,6,pensler,brugte,6,False,0,0
3,serial_recall_chunking,serial_recall,3.0,none,0,7,og,pensler,7,False,0,0
3,serial_recall_chunking,serial_recall,3.0,none,0,8,ufærdige,og,8,False,0,0
3,serial_recall_chunking,serial_recall,3.0,none,0,9,lærreder,læreds,9,False,0,0
3,serial_recall_chunking,serial_recall,3.0,none,0,10,fra,færdige,10,False,0,0
3,serial_recall_chunking,serial_recall,3.0,none,0,11,malerens,fra,11,False,0,0
3,serial_recall_chunking,serial_recall,3.0,none,0,12,sidste,det,12,False,0,0
3,serial_recall_chunking,serial_recall,3.0,none,0,13,arbejdsår,år,13,False,0,0
3,serial_recall_chunking,serial_recall,3.0,none,0,14,samlet,samlet,14,True,0,0
3,serial_recall_chunking,serial_recall,3.0,none,0,15,sammen,sammen,15,True,0,0
4,serial_recall_chunking,serial_recall,3.0,none,0,1,hun,hun,1,True,0,0
4,serial_recall_chunking,serial_recall,3.0,none,0,2,lagde,lagde,2,True,0,0
4,serial_recall_chunking,serial_recall,3.0,none,0,3,sudokuet,sudokuet,3,True,0,0
4,serial_recall_chunking,serial_recall,3.0,none,0,4,væk,væk,4,True,0,0
4,serial_recall_chunking,serial_recall,3.0,none,0,5,efter,efter,5,True,0,0
4,serial_recall_chunking,serial_recall,3.0,none,0,6,aftensmaden,aftensmaden,6,True,0,0
4,serial_recall_chunking,serial_recall,3.0,none,0,7,og,og,7,True,0,0
4,serial_recall_chunking,serial_recall,3.0,none,0,8,fortsatte,forsætte,8,False,0,0
4,serial_recall_chunking,serial_recall,3.0,none,0,9,næste,morgen,9,False,0,0
4,serial_recall_chunking,serial_recall,3.0,none,0,10,morgen,efter,10,False,0,0
4,serial_recall_chunking,serial_recall,3.0,none,0,11,med,med,11,True,0,0
4,serial_recall_chunking,serial_recall,3.0,none,0,12,friske,friske,12,True,0,0
4,serial_recall_chunking,serial_recall,3.0,none,0,13,øjne,øjne,13,True,0,0
4,serial_recall_chunking,serial_recall,3.0,none,0,14,igen,øjne,14,False,0,0
4,serial_recall_chunking,serial_recall,3.0,none,0,15,hjemme,igen,15,False,0,0
5,serial_recall_chunking,serial_recall,3.0,none,0,1,børnene,børnene,1,True,0,0
5,serial_recall_chunking,serial_recall,3.0,none,0,2,åbnede,åbnede,2,True,0,0
5,serial_recall_chunking,serial_recall,3.0,none,0,3,kalenderlågen,kalenderlågen,3,True,0,0
5,serial_recall_chunking,serial_recall,3.0,none,0,4,tidligt,tidligt,4,True,0,0
5,serial_recall_chunking,serial_recall,3.0,none,0,5,og,og,5,True,0,0
5,serial_recall_chunking,serial_recall,3.0,none,0,6,delte,delte,6,True,0,0
5,serial_recall_chunking,serial_recall,3.0,none,0,7,chokoladen,chokoladen,7,True,0,0
5,serial_recall_chunking,serial_recall,3.0,none,0,8,før,før,8,True,0,0
5,serial_recall_chunking,serial_recall,3.0,none,0,9,de,de,9,True,0,0
5,serial_recall_chunking,serial_recall,3.0,none,0,10,gjorde,gjorde,10,True,0,0
5,serial_recall_chunking,serial_recall,3.0,none,0,11,sig,sig,11,True,0,0
5,serial_recall_chunking,serial_recall,3.0,none,0,12,klar,klar,12,True,0,0
5,serial_recall_chunking,serial_recall,3.0,none,0,13,til,til,13,True,0,0
5,serial_recall_chunking,serial_recall,3.0,none,0,14,skole,skole,14,True,0,0
5,serial_recall_chunking,serial_recall,3.0,none,0,15,sammen,sammen,15,True,0,0
6,serial_recall_chunking,serial_recall,3.0,none,0,1,en,en,1,True,0,0
6,serial_recall_chunking,serial_recall,3.0,none,0,2,guldsmed,guldsmed,2,True,0,0
6,serial_recall_chunking,serial_recall,3.0,none,0,3,svævede,sværmede,3,False,0,0
6,serial_recall_chunking,serial_recall,3.0,none,0,4,over,over,4,True,0,0
6,serial_recall_chunking,serial_recall,3.0,none,0,5,dammen,dammen,5,True,0,0
6,serial_recall_chunking,serial_recall,3.0,none,0,6,før,inden,6,False,0,0
6,serial_recall_chunking,serial_recall,3.0,none,0,7,den,den,7,True,0,0
6,serial_recall_chunking,serial_recall,3.0,none,0,8,satte,satte,8,True,0,0
6,serial_recall_chunking,serial_recall,3.0,none,0,9,sig,sig,9,True,0,0
6,serial_recall_chunking,serial_recall,3.0,none,0,10,på,på,10,True,0,0
6,serial_recall_chunking,serial_recall,3.0,none,0,11,et,et,11,True,0,0
6,serial_recall_chunking,serial_recall,3.0,none,0,12,langt,langt,12,True,0,0
6,serial_recall_chunking,serial_recall,3.0,none,0,13,siv,siv,13,True,0,0
6,serial_recall_chunking,serial_recall,3.0,none,0,14,nær,nær,14,True,0,0
6,serial_recall_chunking,serial_recall,3.0,none,0,15,bredden,bredden,15,True,0,0
7,serial_recall_chunking,serial_recall,3.0,none,0,1,håndklædet,håndklædet,1,True,0,0
7,serial_recall_chunking,serial_recall,3.0,none,0,2,hang,hang,2,True,0,0
7,serial_recall_chunking,serial_recall,3.0,none,0,3,over,over,3,True,0,0
7,serial_recall_chunking,serial_recall,3.0,none,0,4,radiatoren,radiatoren,4,True,0,0
7,serial_recall_chunking,serial_recall,3.0,none,0,5,og,og,5,True,0,0
7,serial_recall_chunking,serial_recall,3.0,none,0,6,blev,tørrede,6,False,0,0
7,serial_recall_chunking,serial_recall,3.0,none,0,7,lunt,efter,7,False,0,0
7,serial_recall_chunking,serial_recall,3.0,none,0,8,mens,morgenen,8,False,0,0
7,serial_recall_chunking,serial_recall,3.0,none,0,9,badeværelset,hvor,9,False,0,0
7,serial_recall_chunking,serial_recall,3.0,none,0,10,langsomt,det,10,False,0,0
7,serial_recall_chunking,serial_recall,3.0,none,0,11,tørrede,blev,11,False,0,0
7,serial_recall_chunking,serial_recall,3.0,none,0,12,efter,brugt,12,False,0,0
7,serial_recall_chunking,serial_recall,3.0,none,0,13,morgenens,tørrede,13,False,0,0
7,serial_recall_chunking,serial_recall,3.0,none,0,14,brusebad,langsomt,14,False,0,0
7,serial_recall_chunking,serial_recall,3.0,none,0,15,helt,helt,15,True,0,0
8,serial_recall_chunking,serial_recall,3.0,none,0,1,terningerne,terningerne,1,True,0,0
8,serial_recall_chunking,serial_recall,3.0,none,0,2,rullede,rullede,2,True,0,0
8,serial_recall_chunking,serial_recall,3.0,none,0,3,under,under,3,True,0,0
8,serial_recall_chunking,serial_recall,3.0,none,0,4,sofaen,sofaen,4,True,0,0
8,serial_recall_chunking,serial_recall,3.0,none,0,5,så,så,5,True,0,0
8,serial_recall_chunking,serial_recall,3.0,none,0,6,katten,katten,6,True,0,0
8,serial_recall_chunking,serial_recall,3.0,none,0,7,jagtede,så,7,False,0,0
8,serial_recall_chunking,serial_recall,3.0,none,0,8,dem,demførst,8,False,0,0
8,serial_recall_chunking,serial_recall,3.0,none,0,9,før,først,9,False,0,0
8,serial_recall_chunking,serial_recall,3.0,none,0,10,nogen,for,10,False,0,0
8,serial_recall_chunking,serial_recall,3.0,none,0,11,nåede,andre,11,False,0,0
8,serial_recall_chunking,serial_recall,3.0,none,0,12,at,nåede,12,False,0,0
8,serial_recall_chunking,serial_recall,3.0,none,0,13,samle,at,13,False,0,0
8,serial_recall_chunking,serial_recall,3.0,none,0,14,dem,se,14,False,0,0
8,serial_recall_chunking,serial_recall,3.0,none,0,15,op,dem,15,False,0,0
9,serial_recall_chunking,serial_recall,3.0,none,0,1,efter,efter,1,True,0,0
9,serial_recall_chunking,serial_recall,3.0,none,0,2,turen,turen,2,True,0,0
9,serial_recall_chunking,serial_recall,3.0,none,0,3,hang,hang,3,True,0,0
9,serial_recall_chunking,serial_recall,3.0,none,0,4,de,de,4,True,0,0
9,serial_recall_chunking,serial_recall,3.0,none,0,5,våde,våde,5,True,0,0
9,serial_recall_chunking,serial_recall,3.0,none,0,6,jakker,jakker,6,True,0,0
9,serial_recall_chunking,serial_recall,3.0,none,0,7,over,over,7,True,0,0
9,serial_recall_chunking,serial_recall,3.0,none,0,8,stolene,stolene,8,True,0,0
9,serial_recall_chunking,serial_recall,3.0,none,0,9,og,og,9,True,0,0
9,serial_recall_chunking,serial_recall,3.0,none,0,10,bredte,de,10,False,0,0
9,serial_recall_chunking,serial_recall,3.0,none,0,11,kortet,lagde,11,False,0,0
9,serial_recall_chunking,serial_recall,3.0,none,0,12,ud,kortene,12,False,0,0
9,serial_recall_chunking,serial_recall,3.0,none,0,13,på,hjemme,13,False,0,0
9,serial_recall_chunking,serial_recall,3.0,none,0,14,bordet,på,14,False,0,0
9,serial_recall_chunking,serial_recall,3.0,none,0,15,hjemme,bordet,15,False,0,0
10,serial_recall_chunking,serial_recall,3.0,none,0,1,efter,efter,1,True,0,0
10,serial_recall_chunking,serial_recall,3.0,none,0,2,flytningen,flygtningen,2,False,0,0
10,serial_recall_chunking,serial_recall,3.0,none,0,3,manglede,manglede,3,True,0,0
10,serial_recall_chunking,serial_recall,3.0,none,0,4,kun,kun,4,True,0,0
10,serial_recall_chunking,serial_recall,3.0,none,0,5,billederne,billederne,5,True,0,0
10,serial_recall_chunking,serial_recall,3.0,none,0,6,at,at,6,True,0,0
10,serial_recall_chunking,serial_recall,3.0,none,0,7,blive,blive,7,True,0,0
10,serial_recall_chunking,serial_recall,3.0,none,0,8,hængt,hængt,8,True,0,0
10,serial_recall_chunking,serial_recall,3.0,none,0,9,op,op,9,True,0,0
10,serial_recall_chunking,serial_recall,3.0,none,0,10,og,og,10,True,0,0
10,serial_recall_chunking,serial_recall,3.0,none,0,11,bøgerne,bøgerne,11,True,0,0
10,serial_recall_chunking,serial_recall,3.0,none,0,12,sat,på,12,False,0,0
10,serial_recall_chunking,serial_recall,3.0,none,0,13,på,på,13,True,0,0
10,serial_recall_chunking,serial_recall,3.0,none,0,14,hylderne,hylderne,14,True,0,0
10,serial_recall_chunking,serial_recall,3.0,none,0,15,igen,igen,15,True,0,0
11,serial_recall_chunking,serial_recall,3.0,none,0,1,teamet,teamet,1,True,0,0
11,serial_recall_chunking,serial_recall,3.0,none,0,2,flyttede,flyttede,2,True,0,0
11,serial_recall_chunking,serial_recall,3.0,none,0,3,projektmødet,mødet,3,False,0,0
11,serial_recall_chunking,serial_recall,3.0,none,0,4,til,til,4,True,0,0
11,serial_recall_chunking,serial_recall,3.0,none,0,5,et,et,5,True,0,0
11,serial_recall_chunking,serial_recall,3.0,none,0,6,mindre,mindre,6,True,0,0
11,serial_recall_chunking,serial_recall,3.0,none,0,7,lokale,lokale,7,True,0,0
11,serial_recall_chunking,serial_recall,3.0,none,0,8,hvor,hvor,8,True,0,0
11,serial_recall_chunking,serial_recall,3.0,none,0,9,skærmen,skærmen,9,True,0,0
11,serial_recall_chunking,serial_recall,3.0,none,0,10,virkede,virkede,10,True,0,0
11,serial_recall_chunking,serial_recall,3.0,none,0,11,bedre,den,11,False,0,0
11,serial_recall_chunking,serial_recall,3.0,none,0,12,til,dag,12,False,0,0
11,serial_recall_chunking,serial_recall,3.0,none,0,13,præsentationen,igen,13,False,0,0
11,serial_recall_chunking,serial_recall,3.0,none,0,14,den,den,14,True,0,0
11,serial_recall_chunking,serial_recall,3.0,none,0,15,dag,dag,15,True,0,0
12,serial_recall_chunking,serial_recall,3.0,none,0,1,en,en,1,True,0,0
12,serial_recall_chunking,serial_recall,3.0,none,0,2,fisk,fisk,2,True,0,0
12,serial_recall_chunking,serial_recall,3.0,none,0,3,sprang,sprang,3,True,0,0
12,serial_recall_chunking,serial_recall,3.0,none,0,4,efter,efter,4,True,0,0
12,serial_recall_chunking,serial_recall,3.0,none,0,5,insekter,insekter,5,True,0,0
12,serial_recall_chunking,serial_recall,3.0,none,0,6,mens,imens,6,False,0,0
12,serial_recall_chunking,serial_recall,3.0,none,0,7,aftensolen,aftensolen,7,True,0,0
12,serial_recall_chunking,serial_recall,3.0,none,0,8,farvede,farvede,8,True,0,0
12,serial_recall_chunking,serial_recall,3.0,none,0,9,søens,vandet,9,False,0,0
12,serial_recall_chunking,serial_recall,3.0,none,0,10,rolige,orange,10,False,0,0
12,serial_recall_chunking,serial_recall,3.0,none,0,11,vand,langs,11,False,0,0
12,serial_recall_chunking,serial_recall,3.0,none,0,12,orange,bredden,12,False,0,0
12,serial_recall_chunking,serial_recall,3.0,none,0,13,nær,langs,13,False,0,0
12,serial_recall_chunking,serial_recall,3.0,none,0,14,bredden,bredden,14,True,0,0
12,serial_recall_chunking,serial_recall,3.0,none,0,15,langsomt,aften,15,False,0,0
13,serial_recall_chunking,serial_recall,3.0,none,0,1,færgen,færgen,1,True,0,0
13,serial_recall_chunking,serial_recall,3.0,none,0,2,lagde,lagde,2,True,0,0
13,serial_recall_chunking,serial_recall,3.0,none,0,3,til,til,3,True,0,0
13,serial_recall_chunking,serial_recall,3.0,none,0,4,ved,øen,4,False,0,0
13,serial_recall_chunking,serial_recall,3.0,none,0,5,øen,hvor,5,False,0,0
13,serial_recall_chunking,serial_recall,3.0,none,0,6,hvor,cyklisten,6,False,0,0
13,serial_recall_chunking,serial_recall,3.0,none,0,7,cyklister,ventede,7,False,0,0
13,serial_recall_chunking,serial_recall,3.0,none,0,8,ventede,med,8,False,0,0
13,serial_recall_chunking,serial_recall,3.0,none,0,9,med,med,9,True,0,0
13,serial_recall_chunking,serial_recall,3.0,none,0,10,tasker,baggage,10,False,0,0
13,serial_recall_chunking,serial_recall,3.0,none,0,11,hjelme,og,11,False,0,0
13,serial_recall_chunking,serial_recall,3.0,none,0,12,og,sammenrullede,12,False,0,0
13,serial_recall_chunking,serial_recall,3.0,none,0,13,sammenrullede,kort,13,False,0,0
13,serial_recall_chunking,serial_recall,3.0,none,0,14,kort,igen,14,False,0,0
13,serial_recall_chunking,serial_recall,3.0,none,0,15,klar,igen,15,False,0,0
14,serial_recall_chunking,serial_recall,3.0,none,0,1,hun,hun,1,True,0,0
14,serial_recall_chunking,serial_recall,3.0,none,0,2,valgte,valgte,2,True,0,0
14,serial_recall_chunking,serial_recall,3.0,none,0,3,en,en,3,True,0,0
14,serial_recall_chunking,serial_recall,3.0,none,0,4,varm,varm,4,True,0,0
14,serial_recall_chunking,serial_recall,3.0,none,0,5,grå,grå,5,True,0,0
14,serial_recall_chunking,serial_recall,3.0,none,0,6,farve,farve,6,True,0,0
14,serial_recall_chunking,serial_recall,3.0,none,0,7,fordi,til,7,False,0,0
14,serial_recall_chunking,serial_recall,3.0,none,0,8,den,trægulvet,8,False,0,0
14,serial_recall_chunking,serial_recall,3.0,none,0,9,passede,fordi,9,False,0,0
14,serial_recall_chunking,serial_recall,3.0,none,0,10,til,den,10,False,0,0
14,serial_recall_chunking,serial_recall,3.0,none,0,11,trægulvet,passede,11,False,0,0
14,serial_recall_chunking,serial_recall,3.0,none,0,12,end,bedre,12,False,0,0
14,serial_recall_chunking,serial_recall,3.0,none,0,13,den,end,13,False,0,0
14,serial_recall_chunking,serial_recall,3.0,none,0,14,hvide,den,14,False,0,0
14,serial_recall_chunking,serial_recall,3.0,none,0,15,nuance,hvide,15,False,0,0
15,serial_recall_chunking,serial_recall,3.0,none,0,1,dykkeren,dykkeren,1,True,0,0
15,serial_recall_chunking,serial_recall,3.0,none,0,2,fandt,fandt,2,True,0,0
15,serial_recall_chunking,serial_recall,3.0,none,0,3,en,en,3,True,0,0
15,serial_recall_chunking,serial_recall,3.0,none,0,4,gammel,krabbeskjold,4,False,0,0
15,serial_recall_chunking,serial_recall,3.0,none,0,5,krabbeskal,mellem,5,False,0,0
15,serial_recall_chunking,serial_recall,3.0,none,0,6,mellem,stenene,6,False,0,0
15,serial_recall_chunking,serial_recall,3.0,none,0,7,stenene,som,7,False,0,0
15,serial_recall_chunking,serial_recall,3.0,none,0,8,og,dykkeren,8,False,0,0
15,serial_recall_chunking,serial_recall,3.0,none,0,9,lod,lod,9,True,0,0
15,serial_recall_chunking,serial_recall,3.0,none,0,10,den,ligge,10,False,0,0
15,serial_recall_chunking,serial_recall,3.0,none,0,11,ligge,der,11,False,0,0
15,serial_recall_chunking,serial_recall,3.0,none,0,12,urørt,på,12,False,0,0
15,serial_recall_chunking,serial_recall,3.0,none,0,13,på,havbunden,13,False,0,0
15,serial_recall_chunking,serial_recall,3.0,none,0,14,havbunden,på,14,False,0,0
15,serial_recall_chunking,serial_recall,3.0,none,0,15,der,havbunden,15,False,0,0
