run,mode,recall_type,seconds_per_word,post_sequence_task,post_sequence_duration,position,word,recalled_word,recall_position,remembered,math_correct,math_total
1,free_recall_slow,free_recall,3.0,none,0,1,x,,2,True,0,0
1,free_recall_slow,free_recall,3.0,none,0,2,i,,3,True,0,0
1,free_recall_slow,free_recall,3.0,none,0,3,d,,4,True,0,0
1,free_recall_slow,free_recall,3.0,none,0,4,e,,5,True,0,0
1,free_recall_slow,free_recall,3.0,none,0,5,y,,6,True,0,0
1,free_recall_slow,free_recall,3.0,none,0,6,w,,,False,0,0
1,free_recall_slow,free_recall,3.0,none,0,7,c,,,False,0,0
1,free_recall_slow,free_recall,3.0,none,0,8,j,,7,True,0,0
1,free_recall_slow,free_recall,3.0,none,0,9,a,,,False,0,0
1,free_recall_slow,free_recall,3.0,none,0,10,p,,10,True,0,0
1,free_recall_slow,free_recall,3.0,none,0,11,s,,,False,0,0
1,free_recall_slow,free_recall,3.0,none,0,12,v,,8,True,0,0
1,free_recall_slow,free_recall,3.0,none,0,13,b,,,False,0,0
1,free_recall_slow,free_recall,3.0,none,0,14,n,,,False,0,0
1,free_recall_slow,free_recall,3.0,none,0,15,z,,1,True,0,0
2,free_recall_slow,free_recall,3.0,none,0,1,b,,1,True,0,0
2,free_recall_slow,free_recall,3.0,none,0,2,d,,2,True,0,0
2,free_recall_slow,free_recall,3.0,none,0,3,h,,3,True,0,0
2,free_recall_slow,free_recall,3.0,none,0,4,m,,5,True,0,0
2,free_recall_slow,free_recall,3.0,none,0,5,s,,4,True,0,0
2,free_recall_slow,free_recall,3.0,none,0,6,u,,,False,0,0
2,free_recall_slow,free_recall,3.0,none,0,7,q,,7,True,0,0
2,free_recall_slow,free_recall,3.0,none,0,8,r,,,False,0,0
2,free_recall_slow,free_recall,3.0,none,0,9,z,,,False,0,0
2,free_recall_slow,free_recall,3.0,none,0,10,n,,,False,0,0
2,free_recall_slow,free_recall,3.0,none,0,11,l,,9,True,0,0
2,free_recall_slow,free_recall,3.0,none,0,12,y,,,False,0,0
2,free_recall_slow,free_recall,3.0,none,0,13,o,,6,True,0,0
2,free_recall_slow,free_recall,3.0,none,0,14,x,,8,True,0,0
2,free_recall_slow,free_recall,3.0,none,0,15,v,,,False,0,0
3,free_recall_slow,free_recall,3.0,none,0,1,o,,2,True,0,0
3,free_recall_slow,free_recall,3.0,none,0,2,w,,1,True,0,0
3,free_recall_slow,free_recall,3.0,none,0,3,x,,3,True,0,0
3,free_recall_slow,free_recall,3.0,none,0,4,r,,,False,0,0
3,free_recall_slow,free_recall,3.0,none,0,5,d,,7,True,0,0
3,free_recall_slow,free_recall,3.0,none,0,6,n,,5,True,0,0
3,free_recall_slow,free_recall,3.0,none,0,7,k,,4,True,0,0
3,free_recall_slow,free_recall,3.0,none,0,8,g,,,False,0,0
3,free_recall_slow,free_recall,3.0,none,0,9,a,,,False,0,0
3,free_recall_slow,free_recall,3.0,none,0,10,j,,,False,0,0
3,free_recall_slow,free_recall,3.0,none,0,11,s,,6,True,0,0
3,free_recall_slow,free_recall,3.0,none,0,12,h,,,False,0,0
3,free_recall_slow,free_recall,3.0,none,0,13,t,,,False,0,0
3,free_recall_slow,free_recall,3.0,none,0,14,c,,,False,0,0
3,free_recall_slow,free_recall,3.0,none,0,15,b,,,False,0,0
4,free_recall_slow,free_recall,3.0,none,0,1,b,,1,True,0,0
4,free_recall_slow,free_recall,3.0,none,0,2,f,,4,True,0,0
4,free_recall_slow,free_recall,3.0,none,0,3,e,,3,True,0,0
4,free_recall_slow,free_recall,3.0,none,0,4,d,,2,True,0,0
4,free_recall_slow,free_recall,3.0,none,0,5,m,,5,True,0,0
4,free_recall_slow,free_recall,3.0,none,0,6,r,,,False,0,0
4,free_recall_slow,free_recall,3.0,none,0,7,l,,,False,0,0
4,free_recall_slow,free_recall,3.0,none,0,8,j,,,False,0,0
4,free_recall_slow,free_recall,3.0,none,0,9,t,,10,True,0,0
4,free_recall_slow,free_recall,3.0,none,0,10,s,,9,True,0,0
4,free_recall_slow,free_recall,3.0,none,0,11,v,,12,True,0,0
4,free_recall_slow,free_recall,3.0,none,0,12,y,,11,True,0,0
4,free_recall_slow,free_recall,3.0,none,0,13,k,,7,True,0,0
4,free_recall_slow,free_recall,3.0,none,0,14,i,,8,True,0,0
4,free_recall_slow,free_recall,3.0,none,0,15,q,,,False,0,0
5,free_recall_slow,free_recall,3.0,none,0,1,e,,1,True,0,0
5,free_recall_slow,free_recall,3.0,none,0,2,w,,2,True,0,0
5,free_recall_slow,free_recall,3.0,none,0,3,i,,3,True,0,0
5,free_recall_slow,free_recall,3.0,none,0,4,p,,,False,0,0
5,free_recall_slow,free_recall,3.0,none,0,5,s,,4,True,0,0
5,free_recall_slow,free_recall,3.0,none,0,6,h,,,False,0,0
5,free_recall_slow,free_recall,3.0,none,0,7,y,,,False,0,0
5,free_recall_slow,free_recall,3.0,none,0,8,g,,,False,0,0
5,free_recall_slow,free_recall,3.0,none,0,9,n,,9,True,0,0
5,free_recall_slow,free_recall,3.0,none,0,10,q,,6,True,0,0
5,free_recall_slow,free_recall,3.0,none,0,11,d,,,False,0,0
5,free_recall_slow,free_recall,3.0,none,0,12,v,,,False,0,0
5,free_recall_slow,free_recall,3.0,none,0,13,c,,,False,0,0
5,free_recall_slow,free_recall,3.0,none,0,14,r,,8,True,0,0
5,free_recall_slow,free_recall,3.0,none,0,15,m,,5,True,0,0
1,free_recall_slow,free_recall,3.0,none,0,1,x,,1,True,0,0
1,free_recall_slow,free_recall,3.0,none,0,2,c,,2,True,0,0
1,free_recall_slow,free_recall,3.0,none,0,3,z,,3,True,0,0
1,free_recall_slow,free_recall,3.0,none,0,4,g,,4,True,0,0
1,free_recall_slow,free_recall,3.0,none,0,5,o,,6,True,0,0
1,free_recall_slow,free_recall,3.0,none,0,6,l,,5,True,0,0
1,free_recall_slow,free_recall,3.0,none,0,7,m,,7,True,0,0
1,free_recall_slow,free_recall,3.0,none,0,8,u,,,False,0,0
1,free_recall_slow,free_recall,3.0,none,0,9,f,,,False,0,0
1,free_recall_slow,free_recall,3.0,none,0,10,r,,,False,0,0
1,free_recall_slow,free_recall,3.0,none,0,11,p,,,False,0,0
1,free_recall_slow,free_recall,3.0,none,0,12,q,,,False,0,0
1,free_recall_slow,free_recall,3.0,none,0,13,s,,8,True,0,0
1,free_recall_slow,free_recall,3.0,none,0,14,e,,9,True,0,0
1,free_recall_slow,free_recall,3.0,none,0,15,h,,10,True,0,0
2,free_recall_slow,free_recall,3.0,none,0,1,y,,1,True,0,0
2,free_recall_slow,free_recall,3.0,none,0,2,o,,2,True,0,0
2,free_recall_slow,free_recall,3.0,none,0,3,j,,3,True,0,0
2,free_recall_slow,free_recall,3.0,none,0,4,p,,4,True,0,0
2,free_recall_slow,free_recall,3.0,none,0,5,k,,5,True,0,0
2,free_recall_slow,free_recall,3.0,none,0,6,x,,6,True,0,0
2,free_recall_slow,free_recall,3.0,none,0,7,u,,7,True,0,0
2,free_recall_slow,free_recall,3.0,none,0,8,d,,8,True,0,0
2,free_recall_slow,free_recall,3.0,none,0,9,f,,9,True,0,0
2,free_recall_slow,free_recall,3.0,none,0,10,c,,,False,0,0
2,free_recall_slow,free_recall,3.0,none,0,11,i,,,False,0,0
2,free_recall_slow,free_recall,3.0,none,0,12,m,,,False,0,0
2,free_recall_slow,free_recall,3.0,none,0,13,b,,13,True,0,0
2,free_recall_slow,free_recall,3.0,none,0,14,r,,14,True,0,0
2,free_recall_slow,free_recall,3.0,none,0,15,e,,15,True,0,0
3,free_recall_slow,free_recall,3.0,none,0,1,a,,4,True,0,0
3,free_recall_slow,free_recall,3.0,none,0,2,l,,5,True,0,0
3,free_recall_slow,free_recall,3.0,none,0,3,g,,6,True,0,0
3,free_recall_slow,free_recall,3.0,none,0,4,x,,7,True,0,0
3,free_recall_slow,free_recall,3.0,none,0,5,p,,8,True,0,0
3,free_recall_slow,free_recall,3.0,none,0,6,z,,,False,0,0
3,free_recall_slow,free_recall,3.0,none,0,7,j,,9,True,0,0
3,free_recall_slow,free_recall,3.0,none,0,8,d,,,False,0,0
3,free_recall_slow,free_recall,3.0,none,0,9,f,,,False,0,0
3,free_recall_slow,free_recall,3.0,none,0,10,t,,,False,0,0
3,free_recall_slow,free_recall,3.0,none,0,11,q,,,False,0,0
3,free_recall_slow,free_recall,3.0,none,0,12,v,,,False,0,0
3,free_recall_slow,free_recall,3.0,none,0,13,o,,1,True,0,0
3,free_recall_slow,free_recall,3.0,none,0,14,h,,2,True,0,0
3,free_recall_slow,free_recall,3.0,none,0,15,k,,3,True,0,0
4,free_recall_slow,free_recall,3.0,none,0,1,h,,1,True,0,0
4,free_recall_slow,free_recall,3.0,none,0,2,f,,2,True,0,0
4,free_recall_slow,free_recall,3.0,none,0,3,g,,3,True,0,0
4,free_recall_slow,free_recall,3.0,none,0,4,u,,4,True,0,0
4,free_recall_slow,free_recall,3.0,none,0,5,w,,,False,0,0
4,free_recall_slow,free_recall,3.0,none,0,6,c,,6,True,0,0
4,free_recall_slow,free_recall,3.0,none,0,7,v,,5,True,0,0
4,free_recall_slow,free_recall,3.0,none,0,8,a,,,False,0,0
4,free_recall_slow,free_recall,3.0,none,0,9,x,,,False,0,0
4,free_recall_slow,free_recall,3.0,none,0,10,j,,,False,0,0
4,free_recall_slow,free_recall,3.0,none,0,11,m,,,False,0,0
4,free_recall_slow,free_recall,3.0,none,0,12,k,,7,True,0,0
4,free_recall_slow,free_recall,3.0,none,0,13,r,,8,True,0,0
4,free_recall_slow,free_recall,3.0,none,0,14,n,,9,True,0,0
4,free_recall_slow,free_recall,3.0,none,0,15,t,,11,True,0,0
5,free_recall_slow,free_recall,3.0,none,0,1,y,,4,True,0,0
5,free_recall_slow,free_recall,3.0,none,0,2,f,,2,True,0,0
5,free_recall_slow,free_recall,3.0,none,0,3,m,,3,True,0,0
5,free_recall_slow,free_recall,3.0,none,0,4,k,,5,True,0,0
5,free_recall_slow,free_recall,3.0,none,0,5,c,,6,True,0,0
5,free_recall_slow,free_recall,3.0,none,0,6,r,,7,True,0,0
5,free_recall_slow,free_recall,3.0,none,0,7,w,,,False,0,0
5,free_recall_slow,free_recall,3.0,none,0,8,t,,,False,0,0
5,free_recall_slow,free_recall,3.0,none,0,9,p,,8,True,0,0
5,free_recall_slow,free_recall,3.0,none,0,10,i,,9,True,0,0
5,free_recall_slow,free_recall,3.0,none,0,11,j,,10,True,0,0
5,free_recall_slow,free_recall,3.0,none,0,12,h,,12,True,0,0
5,free_recall_slow,free_recall,3.0,none,0,13,q,,13,True,0,0
5,free_recall_slow,free_recall,3.0,none,0,14,s,,,False,0,0
5,free_recall_slow,free_recall,3.0,none,0,15,d,,11,True,0,0
1,free_recall_slow,free_recall,3.0,none,0,1,q,,1,True,0,0
1,free_recall_slow,free_recall,3.0,none,0,2,i,,2,True,0,0
1,free_recall_slow,free_recall,3.0,none,0,3,s,,3,True,0,0
1,free_recall_slow,free_recall,3.0,none,0,4,l,,,False,0,0
1,free_recall_slow,free_recall,3.0,none,0,5,c,,,False,0,0
1,free_recall_slow,free_recall,3.0,none,0,6,f,,,False,0,0
1,free_recall_slow,free_recall,3.0,none,0,7,x,,4,True,0,0
1,free_recall_slow,free_recall,3.0,none,0,8,e,,5,True,0,0
1,free_recall_slow,free_recall,3.0,none,0,9,j,,6,True,0,0
1,free_recall_slow,free_recall,3.0,none,0,10,m,,10,True,0,0
1,free_recall_slow,free_recall,3.0,none,0,11,p,,7,True,0,0
1,free_recall_slow,free_recall,3.0,none,0,12,o,,8,True,0,0
1,free_recall_slow,free_recall,3.0,none,0,13,w,,9,True,0,0
1,free_recall_slow,free_recall,3.0,none,0,14,k,,11,True,0,0
1,free_recall_slow,free_recall,3.0,none,0,15,r,,,False,0,0
2,free_recall_slow,free_recall,3.0,none,0,1,c,,1,True,0,0
2,free_recall_slow,free_recall,3.0,none,0,2,l,,2,True,0,0
2,free_recall_slow,free_recall,3.0,none,0,3,j,,3,True,0,0
2,free_recall_slow,free_recall,3.0,none,0,4,e,,4,True,0,0
2,free_recall_slow,free_recall,3.0,none,0,5,s,,5,True,0,0
2,free_recall_slow,free_recall,3.0,none,0,6,d,,6,True,0,0
2,free_recall_slow,free_recall,3.0,none,0,7,v,,,False,0,0
2,free_recall_slow,free_recall,3.0,none,0,8,g,,8,True,0,0
2,free_recall_slow,free_recall,3.0,none,0,9,u,,9,True,0,0
2,free_recall_slow,free_recall,3.0,none,0,10,n,,,False,0,0
2,free_recall_slow,free_recall,3.0,none,0,11,b,,,False,0,0
2,free_recall_slow,free_recall,3.0,none,0,12,z,,,False,0,0
2,free_recall_slow,free_recall,3.0,none,0,13,y,,,False,0,0
2,free_recall_slow,free_recall,3.0,none,0,14,o,,,False,0,0
2,free_recall_slow,free_recall,3.0,none,0,15,x,,,False,0,0
3,free_recall_slow,free_recall,3.0,none,0,1,e,,3,True,0,0
3,free_recall_slow,free_recall,3.0,none,0,2,i,,4,True,0,0
3,free_recall_slow,free_recall,3.0,none,0,3,r,,5,True,0,0
3,free_recall_slow,free_recall,3.0,none,0,4,v,,,False,0,0
3,free_recall_slow,free_recall,3.0,none,0,5,k,,,False,0,0
3,free_recall_slow,free_recall,3.0,none,0,6,d,,7,True,0,0
3,free_recall_slow,free_recall,3.0,none,0,7,s,,8,True,0,0
3,free_recall_slow,free_recall,3.0,none,0,8,c,,,False,0,0
3,free_recall_slow,free_recall,3.0,none,0,9,u,,6,True,0,0
3,free_recall_slow,free_recall,3.0,none,0,10,p,,,False,0,0
3,free_recall_slow,free_recall,3.0,none,0,11,l,,,False,0,0
3,free_recall_slow,free_recall,3.0,none,0,12,h,,,False,0,0
3,free_recall_slow,free_recall,3.0,none,0,13,j,,,False,0,0
3,free_recall_slow,free_recall,3.0,none,0,14,q,,1,True,0,0
3,free_recall_slow,free_recall,3.0,none,0,15,y,,2,True,0,0
4,free_recall_slow,free_recall,3.0,none,0,1,f,,,False,0,0
4,free_recall_slow,free_recall,3.0,none,0,2,t,,,False,0,0
4,free_recall_slow,free_recall,3.0,none,0,3,x,,3,True,0,0
4,free_recall_slow,free_recall,3.0,none,0,4,n,,,False,0,0
4,free_recall_slow,free_recall,3.0,none,0,5,e,,,False,0,0
4,free_recall_slow,free_recall,3.0,none,0,6,y,,,False,0,0
4,free_recall_slow,free_recall,3.0,none,0,7,c,,5,True,0,0
4,free_recall_slow,free_recall,3.0,none,0,8,p,,6,True,0,0
4,free_recall_slow,free_recall,3.0,none,0,9,i,,7,True,0,0
4,free_recall_slow,free_recall,3.0,none,0,10,k,,8,True,0,0
4,free_recall_slow,free_recall,3.0,none,0,11,o,,9,True,0,0
4,free_recall_slow,free_recall,3.0,none,0,12,h,,,False,0,0
4,free_recall_slow,free_recall,3.0,none,0,13,z,,,False,0,0
4,free_recall_slow,free_recall,3.0,none,0,14,j,,1,True,0,0
4,free_recall_slow,free_recall,3.0,none,0,15,q,,2,True,0,0
5,free_recall_slow,free_recall,3.0,none,0,1,w,,1,True,0,0
5,free_recall_slow,free_recall,3.0,none,0,2,e,,2,True,0,0
5,free_recall_slow,free_recall,3.0,none,0,3,o,,3,True,0,0
5,free_recall_slow,free_recall,3.0,none,0,4,f,,,False,0,0
5,free_recall_slow,free_recall,3.0,none,0,5,x,,,False,0,0
5,free_recall_slow,free_recall,3.0,none,0,6,z,,,False,0,0
5,free_recall_slow,free_recall,3.0,none,0,7,m,,4,True,0,0
5,free_recall_slow,free_recall,3.0,none,0,8,y,,,False,0,0
5,free_recall_slow,free_recall,3.0,none,0,9,k,,,False,0,0
5,free_recall_slow,free_recall,3.0,none,0,10,n,,5,True,0,0
5,free_recall_slow,free_recall,3.0,none,0,11,q,,6,True,0,0
5,free_recall_slow,free_recall,3.0,none,0,12,b,,7,True,0,0
5,free_recall_slow,free_recall,3.0,none,0,13,a,,8,True,0,0
5,free_recall_slow,free_recall,3.0,none,0,14,l,,9,True,0,0
5,free_recall_slow,free_recall,3.0,none,0,15,v,,10,True,0,0
1,free_recall_fast,free_recall,1.0,none,0,1,k,,3,True,0,0
1,free_recall_fast,free_recall,1.0,none,0,2,u,,4,True,0,0
1,free_recall_fast,free_recall,1.0,none,0,3,y,,5,True,0,0
1,free_recall_fast,free_recall,1.0,none,0,4,b,,,False,0,0
1,free_recall_fast,free_recall,1.0,none,0,5,x,,,False,0,0
1,free_recall_fast,free_recall,1.0,none,0,6,n,,6,True,0,0
1,free_recall_fast,free_recall,1.0,none,0,7,a,,,False,0,0
1,free_recall_fast,free_recall,1.0,none,0,8,s,,14,True,0,0
1,free_recall_fast,free_recall,1.0,none,0,9,v,,,False,0,0
1,free_recall_fast,free_recall,1.0,none,0,10,q,,,False,0,0
1,free_recall_fast,free_recall,1.0,none,0,11,o,,,False,0,0
1,free_recall_fast,free_recall,1.0,none,0,12,j,,,False,0,0
1,free_recall_fast,free_recall,1.0,none,0,13,c,,,False,0,0
1,free_recall_fast,free_recall,1.0,none,0,14,t,,1,True,0,0
1,free_recall_fast,free_recall,1.0,none,0,15,w,,2,True,0,0
2,free_recall_fast,free_recall,1.0,none,0,1,i,,4,True,0,0
2,free_recall_fast,free_recall,1.0,none,0,2,p,,5,True,0,0
2,free_recall_fast,free_recall,1.0,none,0,3,y,,6,True,0,0
2,free_recall_fast,free_recall,1.0,none,0,4,x,,7,True,0,0
2,free_recall_fast,free_recall,1.0,none,0,5,o,,8,True,0,0
2,free_recall_fast,free_recall,1.0,none,0,6,e,,,False,0,0
2,free_recall_fast,free_recall,1.0,none,0,7,q,,,False,0,0
2,free_recall_fast,free_recall,1.0,none,0,8,k,,,False,0,0
2,free_recall_fast,free_recall,1.0,none,0,9,t,,9,True,0,0
2,free_recall_fast,free_recall,1.0,none,0,10,g,,,False,0,0
2,free_recall_fast,free_recall,1.0,none,0,11,r,,,False,0,0
2,free_recall_fast,free_recall,1.0,none,0,12,v,,,False,0,0
2,free_recall_fast,free_recall,1.0,none,0,13,l,,1,True,0,0
2,free_recall_fast,free_recall,1.0,none,0,14,a,,2,True,0,0
2,free_recall_fast,free_recall,1.0,none,0,15,w,,3,True,0,0
3,free_recall_fast,free_recall,1.0,none,0,1,s,,3,True,0,0
3,free_recall_fast,free_recall,1.0,none,0,2,y,,,False,0,0
3,free_recall_fast,free_recall,1.0,none,0,3,o,,4,True,0,0
3,free_recall_fast,free_recall,1.0,none,0,4,l,,5,True,0,0
3,free_recall_fast,free_recall,1.0,none,0,5,d,,6,True,0,0
3,free_recall_fast,free_recall,1.0,none,0,6,j,,7,True,0,0
3,free_recall_fast,free_recall,1.0,none,0,7,b,,8,True,0,0
3,free_recall_fast,free_recall,1.0,none,0,8,c,,,False,0,0
3,free_recall_fast,free_recall,1.0,none,0,9,g,,,False,0,0
3,free_recall_fast,free_recall,1.0,none,0,10,z,,,False,0,0
3,free_recall_fast,free_recall,1.0,none,0,11,p,,,False,0,0
3,free_recall_fast,free_recall,1.0,none,0,12,i,,,False,0,0
3,free_recall_fast,free_recall,1.0,none,0,13,u,,,False,0,0
3,free_recall_fast,free_recall,1.0,none,0,14,h,,1,True,0,0
3,free_recall_fast,free_recall,1.0,none,0,15,e,,2,True,0,0
4,free_recall_fast,free_recall,1.0,none,0,1,v,,7,True,0,0
4,free_recall_fast,free_recall,1.0,none,0,2,s,,8,True,0,0
4,free_recall_fast,free_recall,1.0,none,0,3,y,,9,True,0,0
4,free_recall_fast,free_recall,1.0,none,0,4,p,,,False,0,0
4,free_recall_fast,free_recall,1.0,none,0,5,b,,,False,0,0
4,free_recall_fast,free_recall,1.0,none,0,6,r,,,False,0,0
4,free_recall_fast,free_recall,1.0,none,0,7,e,,6,True,0,0
4,free_recall_fast,free_recall,1.0,none,0,8,j,,,False,0,0
4,free_recall_fast,free_recall,1.0,none,0,9,n,,,False,0,0
4,free_recall_fast,free_recall,1.0,none,0,10,l,,5,True,0,0
4,free_recall_fast,free_recall,1.0,none,0,11,g,,,False,0,0
4,free_recall_fast,free_recall,1.0,none,0,12,k,,4,True,0,0
4,free_recall_fast,free_recall,1.0,none,0,13,f,,3,True,0,0
4,free_recall_fast,free_recall,1.0,none,0,14,d,,1,True,0,0
4,free_recall_fast,free_recall,1.0,none,0,15,o,,2,True,0,0
5,free_recall_fast,free_recall,1.0,none,0,1,h,,8,True,0,0
5,free_recall_fast,free_recall,1.0,none,0,2,r,,9,True,0,0
5,free_recall_fast,free_recall,1.0,none,0,3,t,,6,True,0,0
5,free_recall_fast,free_recall,1.0,none,0,4,v,,,False,0,0
5,free_recall_fast,free_recall,1.0,none,0,5,f,,10,True,0,0
5,free_recall_fast,free_recall,1.0,none,0,6,d,,11,True,0,0
5,free_recall_fast,free_recall,1.0,none,0,7,k,,,False,0,0
5,free_recall_fast,free_recall,1.0,none,0,8,x,,,False,0,0
5,free_recall_fast,free_recall,1.0,none,0,9,j,,,False,0,0
5,free_recall_fast,free_recall,1.0,none,0,10,u,,1,True,0,0
5,free_recall_fast,free_recall,1.0,none,0,11,l,,2,True,0,0
5,free_recall_fast,free_recall,1.0,none,0,12,i,,3,True,0,0
5,free_recall_fast,free_recall,1.0,none,0,13,q,,4,True,0,0
5,free_recall_fast,free_recall,1.0,none,0,14,s,,5,True,0,0
5,free_recall_fast,free_recall,1.0,none,0,15,b,,,False,0,0
1,free_recall_fast,free_recall,1.0,none,0,1,w,,4,True,0,0
1,free_recall_fast,free_recall,1.0,none,0,2,e,,5,True,0,0
1,free_recall_fast,free_recall,1.0,none,0,3,h,,6,True,0,0
1,free_recall_fast,free_recall,1.0,none,0,4,z,,7,True,0,0
1,free_recall_fast,free_recall,1.0,none,0,5,j,,,False,0,0
1,free_recall_fast,free_recall,1.0,none,0,6,c,,,False,0,0
1,free_recall_fast,free_recall,1.0,none,0,7,f,,,False,0,0
1,free_recall_fast,free_recall,1.0,none,0,8,g,,,False,0,0
1,free_recall_fast,free_recall,1.0,none,0,9,n,,,False,0,0
1,free_recall_fast,free_recall,1.0,none,0,10,p,,,False,0,0
1,free_recall_fast,free_recall,1.0,none,0,11,i,,,False,0,0
1,free_recall_fast,free_recall,1.0,none,0,12,v,,,False,0,0
1,free_recall_fast,free_recall,1.0,none,0,13,s,,1,True,0,0
1,free_recall_fast,free_recall,1.0,none,0,14,m,,2,True,0,0
1,free_recall_fast,free_recall,1.0,none,0,15,o,,3,True,0,0
2,free_recall_fast,free_recall,1.0,none,0,1,e,,1,True,0,0
2,free_recall_fast,free_recall,1.0,none,0,2,n,,4,True,0,0
2,free_recall_fast,free_recall,1.0,none,0,3,i,,5,True,0,0
2,free_recall_fast,free_recall,1.0,none,0,4,c,,6,True,0,0
2,free_recall_fast,free_recall,1.0,none,0,5,u,,,False,0,0
2,free_recall_fast,free_recall,1.0,none,0,6,t,,7,True,0,0
2,free_recall_fast,free_recall,1.0,none,0,7,p,,,False,0,0
2,free_recall_fast,free_recall,1.0,none,0,8,m,,,False,0,0
2,free_recall_fast,free_recall,1.0,none,0,9,f,,,False,0,0
2,free_recall_fast,free_recall,1.0,none,0,10,d,,,False,0,0
2,free_recall_fast,free_recall,1.0,none,0,11,h,,,False,0,0
2,free_recall_fast,free_recall,1.0,none,0,12,q,,,False,0,0
2,free_recall_fast,free_recall,1.0,none,0,13,j,,9,True,0,0
2,free_recall_fast,free_recall,1.0,none,0,14,z,,,False,0,0
2,free_recall_fast,free_recall,1.0,none,0,15,r,,2,True,0,0
3,free_recall_fast,free_recall,1.0,none,0,1,t,,,False,0,0
3,free_recall_fast,free_recall,1.0,none,0,2,j,,,False,0,0
3,free_recall_fast,free_recall,1.0,none,0,3,h,,9,True,0,0
3,free_recall_fast,free_recall,1.0,none,0,4,o,,,False,0,0
3,free_recall_fast,free_recall,1.0,none,0,5,s,,,False,0,0
3,free_recall_fast,free_recall,1.0,none,0,6,m,,,False,0,0
3,free_recall_fast,free_recall,1.0,none,0,7,c,,,False,0,0
3,free_recall_fast,free_recall,1.0,none,0,8,g,,4,True,0,0
3,free_recall_fast,free_recall,1.0,none,0,9,l,,5,True,0,0
3,free_recall_fast,free_recall,1.0,none,0,10,e,,6,True,0,0
3,free_recall_fast,free_recall,1.0,none,0,11,r,,7,True,0,0
3,free_recall_fast,free_recall,1.0,none,0,12,f,,8,True,0,0
3,free_recall_fast,free_recall,1.0,none,0,13,b,,1,True,0,0
3,free_recall_fast,free_recall,1.0,none,0,14,k,,2,True,0,0
3,free_recall_fast,free_recall,1.0,none,0,15,i,,3,True,0,0
4,free_recall_fast,free_recall,1.0,none,0,1,g,,5,True,0,0
4,free_recall_fast,free_recall,1.0,none,0,2,h,,6,True,0,0
4,free_recall_fast,free_recall,1.0,none,0,3,n,,7,True,0,0
4,free_recall_fast,free_recall,1.0,none,0,4,k,,10,True,0,0
4,free_recall_fast,free_recall,1.0,none,0,5,p,,,False,0,0
4,free_recall_fast,free_recall,1.0,none,0,6,e,,,False,0,0
4,free_recall_fast,free_recall,1.0,none,0,7,t,,8,True,0,0
4,free_recall_fast,free_recall,1.0,none,0,8,q,,,False,0,0
4,free_recall_fast,free_recall,1.0,none,0,9,i,,,False,0,0
4,free_recall_fast,free_recall,1.0,none,0,10,y,,,False,0,0
4,free_recall_fast,free_recall,1.0,none,0,11,f,,,False,0,0
4,free_recall_fast,free_recall,1.0,none,0,12,x,,1,True,0,0
4,free_recall_fast,free_recall,1.0,none,0,13,o,,2,True,0,0
4,free_recall_fast,free_recall,1.0,none,0,14,a,,3,True,0,0
4,free_recall_fast,free_recall,1.0,none,0,15,u,,4,True,0,0
5,free_recall_fast,free_recall,1.0,none,0,1,k,,10,True,0,0
5,free_recall_fast,free_recall,1.0,none,0,2,x,,3,True,0,0
5,free_recall_fast,free_recall,1.0,none,0,3,d,,,False,0,0
5,free_recall_fast,free_recall,1.0,none,0,4,r,,,False,0,0
5,free_recall_fast,free_recall,1.0,none,0,5,y,,7,True,0,0
5,free_recall_fast,free_recall,1.0,none,0,6,u,,,False,0,0
5,free_recall_fast,free_recall,1.0,none,0,7,s,,,False,0,0
5,free_recall_fast,free_recall,1.0,none,0,8,c,,,False,0,0
5,free_recall_fast,free_recall,1.0,none,0,9,w,,,False,0,0
5,free_recall_fast,free_recall,1.0,none,0,10,o,,11,True,0,0
5,free_recall_fast,free_recall,1.0,none,0,11,z,,,False,0,0
5,free_recall_fast,free_recall,1.0,none,0,12,f,,4,True,0,0
5,free_recall_fast,free_recall,1.0,none,0,13,v,,,False,0,0
5,free_recall_fast,free_recall,1.0,none,0,14,g,,1,True,0,0
5,free_recall_fast,free_recall,1.0,none,0,15,e,,2,True,0,0
1,free_recall_fast,free_recall,1.0,none,0,1,d,,,False,0,0
1,free_recall_fast,free_recall,1.0,none,0,2,t,,5,True,0,0
1,free_recall_fast,free_recall,1.0,none,0,3,r,,6,True,0,0
1,free_recall_fast,free_recall,1.0,none,0,4,g,,4,True,0,0
1,free_recall_fast,free_recall,1.0,none,0,5,n,,8,True,0,0
1,free_recall_fast,free_recall,1.0,none,0,6,a,,,False,0,0
1,free_recall_fast,free_recall,1.0,none,0,7,c,,,False,0,0
1,free_recall_fast,free_recall,1.0,none,0,8,q,,,False,0,0
1,free_recall_fast,free_recall,1.0,none,0,9,y,,9,True,0,0
1,free_recall_fast,free_recall,1.0,none,0,10,f,,,False,0,0
1,free_recall_fast,free_recall,1.0,none,0,11,z,,,False,0,0
1,free_recall_fast,free_recall,1.0,none,0,12,l,,,False,0,0
1,free_recall_fast,free_recall,1.0,none,0,13,j,,1,True,0,0
1,free_recall_fast,free_recall,1.0,none,0,14,o,,2,True,0,0
1,free_recall_fast,free_recall,1.0,none,0,15,b,,3,True,0,0
2,free_recall_fast,free_recall,1.0,none,0,1,z,,1,True,0,0
2,free_recall_fast,free_recall,1.0,none,0,2,r,,4,True,0,0
2,free_recall_fast,free_recall,1.0,none,0,3,n,,2,True,0,0
2,free_recall_fast,free_recall,1.0,none,0,4,g,,3,True,0,0
2,free_recall_fast,free_recall,1.0,none,0,5,x,,5,True,0,0
2,free_recall_fast,free_recall,1.0,none,0,6,p,,,False,0,0
2,free_recall_fast,free_recall,1.0,none,0,7,t,,,False,0,0
2,free_recall_fast,free_recall,1.0,none,0,8,o,,,False,0,0
2,free_recall_fast,free_recall,1.0,none,0,9,h,,6,True,0,0
2,free_recall_fast,free_recall,1.0,none,0,10,j,,7,True,0,0
2,free_recall_fast,free_recall,1.0,none,0,11,c,,,False,0,0
2,free_recall_fast,free_recall,1.0,none,0,12,v,,,False,0,0
2,free_recall_fast,free_recall,1.0,none,0,13,u,,9,True,0,0
2,free_recall_fast,free_recall,1.0,none,0,14,k,,,False,0,0
2,free_recall_fast,free_recall,1.0,none,0,15,y,,,False,0,0
3,free_recall_fast,free_recall,1.0,none,0,1,k,,7,True,0,0
3,free_recall_fast,free_recall,1.0,none,0,2,c,,,False,0,0
3,free_recall_fast,free_recall,1.0,none,0,3,p,,,False,0,0
3,free_recall_fast,free_recall,1.0,none,0,4,t,,,False,0,0
3,free_recall_fast,free_recall,1.0,none,0,5,r,,,False,0,0
3,free_recall_fast,free_recall,1.0,none,0,6,b,,,False,0,0
3,free_recall_fast,free_recall,1.0,none,0,7,g,,3,True,0,0
3,free_recall_fast,free_recall,1.0,none,0,8,x,,5,True,0,0
3,free_recall_fast,free_recall,1.0,none,0,9,u,,,False,0,0
3,free_recall_fast,free_recall,1.0,none,0,10,m,,,False,0,0
3,free_recall_fast,free_recall,1.0,none,0,11,v,,,False,0,0
3,free_recall_fast,free_recall,1.0,none,0,12,j,,,False,0,0
3,free_recall_fast,free_recall,1.0,none,0,13,d,,,False,0,0
3,free_recall_fast,free_recall,1.0,none,0,14,z,,1,True,0,0
3,free_recall_fast,free_recall,1.0,none,0,15,w,,2,True,0,0
4,free_recall_fast,free_recall,1.0,none,0,1,z,,3,True,0,0
4,free_recall_fast,free_recall,1.0,none,0,2,t,,5,True,0,0
4,free_recall_fast,free_recall,1.0,none,0,3,e,,6,True,0,0
4,free_recall_fast,free_recall,1.0,none,0,4,m,,,False,0,0
4,free_recall_fast,free_recall,1.0,none,0,5,r,,,False,0,0
4,free_recall_fast,free_recall,1.0,none,0,6,k,,,False,0,0
4,free_recall_fast,free_recall,1.0,none,0,7,j,,,False,0,0
4,free_recall_fast,free_recall,1.0,none,0,8,u,,14,True,0,0
4,free_recall_fast,free_recall,1.0,none,0,9,o,,,False,0,0
4,free_recall_fast,free_recall,1.0,none,0,10,d,,12,True,0,0
4,free_recall_fast,free_recall,1.0,none,0,11,y,,,False,0,0
4,free_recall_fast,free_recall,1.0,none,0,12,c,,,False,0,0
4,free_recall_fast,free_recall,1.0,none,0,13,v,,15,True,0,0
4,free_recall_fast,free_recall,1.0,none,0,14,w,,1,True,0,0
4,free_recall_fast,free_recall,1.0,none,0,15,i,,2,True,0,0
5,free_recall_fast,free_recall,1.0,none,0,1,e,,6,True,0,0
5,free_recall_fast,free_recall,1.0,none,0,2,x,,7,True,0,0
5,free_recall_fast,free_recall,1.0,none,0,3,r,,10,True,0,0
5,free_recall_fast,free_recall,1.0,none,0,4,v,,,False,0,0
5,free_recall_fast,free_recall,1.0,none,0,5,n,,,False,0,0
5,free_recall_fast,free_recall,1.0,none,0,6,g,,,False,0,0
5,free_recall_fast,free_recall,1.0,none,0,7,m,,,False,0,0
5,free_recall_fast,free_recall,1.0,none,0,8,o,,3,True,0,0
5,free_recall_fast,free_recall,1.0,none,0,9,u,,4,True,0,0
5,free_recall_fast,free_recall,1.0,none,0,10,p,,5,True,0,0
5,free_recall_fast,free_recall,1.0,none,0,11,z,,,False,0,0
5,free_recall_fast,free_recall,1.0,none,0,12,y,,,False,0,0
5,free_recall_fast,free_recall,1.0,none,0,13,b,,,False,0,0
5,free_recall_fast,free_recall,1.0,none,0,14,j,,2,True,0,0
5,free_recall_fast,free_recall,1.0,none,0,15,c,,1,True,0,0
1,free_recall_working_memory,free_recall,3.0,multiplication,30,1,n,,1,True,2,2
1,free_recall_working_memory,free_recall,3.0,multiplication,30,2,r,,3,True,2,2
1,free_recall_working_memory,free_recall,3.0,multiplication,30,3,s,,2,True,2,2
1,free_recall_working_memory,free_recall,3.0,multiplication,30,4,a,,4,True,2,2
1,free_recall_working_memory,free_recall,3.0,multiplication,30,5,h,,8,True,2,2
1,free_recall_working_memory,free_recall,3.0,multiplication,30,6,j,,9,True,2,2
1,free_recall_working_memory,free_recall,3.0,multiplication,30,7,x,,,False,2,2
1,free_recall_working_memory,free_recall,3.0,multiplication,30,8,t,,5,True,2,2
1,free_recall_working_memory,free_recall,3.0,multiplication,30,9,p,,6,True,2,2
1,free_recall_working_memory,free_recall,3.0,multiplication,30,10,m,,,False,2,2
1,free_recall_working_memory,free_recall,3.0,multiplication,30,11,w,,,False,2,2
1,free_recall_working_memory,free_recall,3.0,multiplication,30,12,l,,,False,2,2
1,free_recall_working_memory,free_recall,3.0,multiplication,30,13,d,,,False,2,2
1,free_recall_working_memory,free_recall,3.0,multiplication,30,14,o,,,False,2,2
1,free_recall_working_memory,free_recall,3.0,multiplication,30,15,y,,,False,2,2
2,free_recall_working_memory,free_recall,3.0,multiplication,30,1,s,,2,True,4,5
2,free_recall_working_memory,free_recall,3.0,multiplication,30,2,a,,3,True,4,5
2,free_recall_working_memory,free_recall,3.0,multiplication,30,3,x,,,False,4,5
2,free_recall_working_memory,free_recall,3.0,multiplication,30,4,k,,,False,4,5
2,free_recall_working_memory,free_recall,3.0,multiplication,30,5,n,,1,True,4,5
2,free_recall_working_memory,free_recall,3.0,multiplication,30,6,f,,5,True,4,5
2,free_recall_working_memory,free_recall,3.0,multiplication,30,7,c,,6,True,4,5
2,free_recall_working_memory,free_recall,3.0,multiplication,30,8,g,,9,True,4,5
2,free_recall_working_memory,free_recall,3.0,multiplication,30,9,b,,7,True,4,5
2,free_recall_working_memory,free_recall,3.0,multiplication,30,10,p,,8,True,4,5
2,free_recall_working_memory,free_recall,3.0,multiplication,30,11,d,,,False,4,5
2,free_recall_working_memory,free_recall,3.0,multiplication,30,12,o,,,False,4,5
2,free_recall_working_memory,free_recall,3.0,multiplication,30,13,t,,12,True,4,5
2,free_recall_working_memory,free_recall,3.0,multiplication,30,14,m,,,False,4,5
2,free_recall_working_memory,free_recall,3.0,multiplication,30,15,w,,,False,4,5
3,free_recall_working_memory,free_recall,3.0,multiplication,30,1,t,,4,True,3,4
3,free_recall_working_memory,free_recall,3.0,multiplication,30,2,d,,,False,3,4
3,free_recall_working_memory,free_recall,3.0,multiplication,30,3,l,,5,True,3,4
3,free_recall_working_memory,free_recall,3.0,multiplication,30,4,u,,,False,3,4
3,free_recall_working_memory,free_recall,3.0,multiplication,30,5,b,,1,True,3,4
3,free_recall_working_memory,free_recall,3.0,multiplication,30,6,o,,2,True,3,4
3,free_recall_working_memory,free_recall,3.0,multiplication,30,7,n,,3,True,3,4
3,free_recall_working_memory,free_recall,3.0,multiplication,30,8,y,,,False,3,4
3,free_recall_working_memory,free_recall,3.0,multiplication,30,9,k,,,False,3,4
3,free_recall_working_memory,free_recall,3.0,multiplication,30,10,a,,,False,3,4
3,free_recall_working_memory,free_recall,3.0,multiplication,30,11,g,,6,True,3,4
3,free_recall_working_memory,free_recall,3.0,multiplication,30,12,w,,9,True,3,4
3,free_recall_working_memory,free_recall,3.0,multiplication,30,13,f,,,False,3,4
3,free_recall_working_memory,free_recall,3.0,multiplication,30,14,z,,7,True,3,4
3,free_recall_working_memory,free_recall,3.0,multiplication,30,15,x,,8,True,3,4
4,free_recall_working_memory,free_recall,3.0,multiplication,30,1,l,,7,True,2,2
4,free_recall_working_memory,free_recall,3.0,multiplication,30,2,k,,,False,2,2
4,free_recall_working_memory,free_recall,3.0,multiplication,30,3,h,,,False,2,2
4,free_recall_working_memory,free_recall,3.0,multiplication,30,4,t,,,False,2,2
4,free_recall_working_memory,free_recall,3.0,multiplication,30,5,f,,,False,2,2
4,free_recall_working_memory,free_recall,3.0,multiplication,30,6,c,,,False,2,2
4,free_recall_working_memory,free_recall,3.0,multiplication,30,7,a,,,False,2,2
4,free_recall_working_memory,free_recall,3.0,multiplication,30,8,s,,2,True,2,2
4,free_recall_working_memory,free_recall,3.0,multiplication,30,9,v,,3,True,2,2
4,free_recall_working_memory,free_recall,3.0,multiplication,30,10,m,,5,True,2,2
4,free_recall_working_memory,free_recall,3.0,multiplication,30,11,o,,8,True,2,2
4,free_recall_working_memory,free_recall,3.0,multiplication,30,12,j,,9,True,2,2
4,free_recall_working_memory,free_recall,3.0,multiplication,30,13,w,,10,True,2,2
4,free_recall_working_memory,free_recall,3.0,multiplication,30,14,q,,4,True,2,2
4,free_recall_working_memory,free_recall,3.0,multiplication,30,15,g,,1,True,2,2
5,free_recall_working_memory,free_recall,3.0,multiplication,30,1,j,,1,True,5,5
5,free_recall_working_memory,free_recall,3.0,multiplication,30,2,a,,2,True,5,5
5,free_recall_working_memory,free_recall,3.0,multiplication,30,3,s,,3,True,5,5
5,free_recall_working_memory,free_recall,3.0,multiplication,30,4,v,,6,True,5,5
5,free_recall_working_memory,free_recall,3.0,multiplication,30,5,w,,4,True,5,5
5,free_recall_working_memory,free_recall,3.0,multiplication,30,6,h,,,False,5,5
5,free_recall_working_memory,free_recall,3.0,multiplication,30,7,q,,5,True,5,5
5,free_recall_working_memory,free_recall,3.0,multiplication,30,8,x,,,False,5,5
5,free_recall_working_memory,free_recall,3.0,multiplication,30,9,u,,9,True,5,5
5,free_recall_working_memory,free_recall,3.0,multiplication,30,10,m,,10,True,5,5
5,free_recall_working_memory,free_recall,3.0,multiplication,30,11,y,,,False,5,5
5,free_recall_working_memory,free_recall,3.0,multiplication,30,12,g,,,False,5,5
5,free_recall_working_memory,free_recall,3.0,multiplication,30,13,c,,8,True,5,5
5,free_recall_working_memory,free_recall,3.0,multiplication,30,14,f,,7,True,5,5
5,free_recall_working_memory,free_recall,3.0,multiplication,30,15,o,,,False,5,5
1,free_recall_working_memory,free_recall,3.0,multiplication,30,1,q,,2,True,3,4
1,free_recall_working_memory,free_recall,3.0,multiplication,30,2,b,,5,True,3,4
1,free_recall_working_memory,free_recall,3.0,multiplication,30,3,m,,1,True,3,4
1,free_recall_working_memory,free_recall,3.0,multiplication,30,4,t,,7,True,3,4
1,free_recall_working_memory,free_recall,3.0,multiplication,30,5,f,,4,True,3,4
1,free_recall_working_memory,free_recall,3.0,multiplication,30,6,z,,,False,3,4
1,free_recall_working_memory,free_recall,3.0,multiplication,30,7,k,,,False,3,4
1,free_recall_working_memory,free_recall,3.0,multiplication,30,8,d,,,False,3,4
1,free_recall_working_memory,free_recall,3.0,multiplication,30,9,v,,,False,3,4
1,free_recall_working_memory,free_recall,3.0,multiplication,30,10,c,,,False,3,4
1,free_recall_working_memory,free_recall,3.0,multiplication,30,11,w,,,False,3,4
1,free_recall_working_memory,free_recall,3.0,multiplication,30,12,h,,,False,3,4
1,free_recall_working_memory,free_recall,3.0,multiplication,30,13,y,,,False,3,4
1,free_recall_working_memory,free_recall,3.0,multiplication,30,14,n,,6,True,3,4
1,free_recall_working_memory,free_recall,3.0,multiplication,30,15,g,,3,True,3,4
2,free_recall_working_memory,free_recall,3.0,multiplication,30,1,l,,2,True,4,5
2,free_recall_working_memory,free_recall,3.0,multiplication,30,2,r,,4,True,4,5
2,free_recall_working_memory,free_recall,3.0,multiplication,30,3,x,,,False,4,5
2,free_recall_working_memory,free_recall,3.0,multiplication,30,4,p,,,False,4,5
2,free_recall_working_memory,free_recall,3.0,multiplication,30,5,a,,1,True,4,5
2,free_recall_working_memory,free_recall,3.0,multiplication,30,6,j,,5,True,4,5
2,free_recall_working_memory,free_recall,3.0,multiplication,30,7,u,,3,True,4,5
2,free_recall_working_memory,free_recall,3.0,multiplication,30,8,e,,,False,4,5
2,free_recall_working_memory,free_recall,3.0,multiplication,30,9,s,,,False,4,5
2,free_recall_working_memory,free_recall,3.0,multiplication,30,10,k,,,False,4,5
2,free_recall_working_memory,free_recall,3.0,multiplication,30,11,f,,,False,4,5
2,free_recall_working_memory,free_recall,3.0,multiplication,30,12,o,,,False,4,5
2,free_recall_working_memory,free_recall,3.0,multiplication,30,13,d,,,False,4,5
2,free_recall_working_memory,free_recall,3.0,multiplication,30,14,i,,6,True,4,5
2,free_recall_working_memory,free_recall,3.0,multiplication,30,15,v,,7,True,4,5
3,free_recall_working_memory,free_recall,3.0,multiplication,30,1,c,,3,True,2,3
3,free_recall_working_memory,free_recall,3.0,multiplication,30,2,n,,,False,2,3
3,free_recall_working_memory,free_recall,3.0,multiplication,30,3,g,,1,True,2,3
3,free_recall_working_memory,free_recall,3.0,multiplication,30,4,y,,,False,2,3
3,free_recall_working_memory,free_recall,3.0,multiplication,30,5,w,,4,True,2,3
3,free_recall_working_memory,free_recall,3.0,multiplication,30,6,k,,,False,2,3
3,free_recall_working_memory,free_recall,3.0,multiplication,30,7,s,,,False,2,3
3,free_recall_working_memory,free_recall,3.0,multiplication,30,8,b,,,False,2,3
3,free_recall_working_memory,free_recall,3.0,multiplication,30,9,t,,,False,2,3
3,free_recall_working_memory,free_recall,3.0,multiplication,30,10,q,,,False,2,3
3,free_recall_working_memory,free_recall,3.0,multiplication,30,11,m,,,False,2,3
3,free_recall_working_memory,free_recall,3.0,multiplication,30,12,h,,,False,2,3
3,free_recall_working_memory,free_recall,3.0,multiplication,30,13,z,,,False,2,3
3,free_recall_working_memory,free_recall,3.0,multiplication,30,14,f,,2,True,2,3
3,free_recall_working_memory,free_recall,3.0,multiplication,30,15,p,,5,True,2,3
4,free_recall_working_memory,free_recall,3.0,multiplication,30,1,e,,5,True,5,5
4,free_recall_working_memory,free_recall,3.0,multiplication,30,2,o,,2,True,5,5
4,free_recall_working_memory,free_recall,3.0,multiplication,30,3,v,,1,True,5,5
4,free_recall_working_memory,free_recall,3.0,multiplication,30,4,j,,7,True,5,5
4,free_recall_working_memory,free_recall,3.0,multiplication,30,5,d,,,False,5,5
4,free_recall_working_memory,free_recall,3.0,multiplication,30,6,x,,,False,5,5
4,free_recall_working_memory,free_recall,3.0,multiplication,30,7,n,,,False,5,5
4,free_recall_working_memory,free_recall,3.0,multiplication,30,8,a,,,False,5,5
4,free_recall_working_memory,free_recall,3.0,multiplication,30,9,r,,,False,5,5
4,free_recall_working_memory,free_recall,3.0,multiplication,30,10,m,,,False,5,5
4,free_recall_working_memory,free_recall,3.0,multiplication,30,11,c,,,False,5,5
4,free_recall_working_memory,free_recall,3.0,multiplication,30,12,u,,4,True,5,5
4,free_recall_working_memory,free_recall,3.0,multiplication,30,13,z,,3,True,5,5
4,free_recall_working_memory,free_recall,3.0,multiplication,30,14,k,,6,True,5,5
4,free_recall_working_memory,free_recall,3.0,multiplication,30,15,q,,8,True,5,5
5,free_recall_working_memory,free_recall,3.0,multiplication,30,1,h,,2,True,3,3
5,free_recall_working_memory,free_recall,3.0,multiplication,30,2,t,,1,True,3,3
5,free_recall_working_memory,free_recall,3.0,multiplication,30,3,b,,4,True,3,3
5,free_recall_working_memory,free_recall,3.0,multiplication,30,4,n,,3,True,3,3
5,free_recall_working_memory,free_recall,3.0,multiplication,30,5,q,,,False,3,3
5,free_recall_working_memory,free_recall,3.0,multiplication,30,6,w,,,False,3,3
5,free_recall_working_memory,free_recall,3.0,multiplication,30,7,l,,5,True,3,3
5,free_recall_working_memory,free_recall,3.0,multiplication,30,8,f,,,False,3,3
5,free_recall_working_memory,free_recall,3.0,multiplication,30,9,y,,,False,3,3
5,free_recall_working_memory,free_recall,3.0,multiplication,30,10,s,,,False,3,3
5,free_recall_working_memory,free_recall,3.0,multiplication,30,11,k,,,False,3,3
5,free_recall_working_memory,free_recall,3.0,multiplication,30,12,x,,,False,3,3
5,free_recall_working_memory,free_recall,3.0,multiplication,30,13,d,,,False,3,3
5,free_recall_working_memory,free_recall,3.0,multiplication,30,14,p,,7,True,3,3
5,free_recall_working_memory,free_recall,3.0,multiplication,30,15,a,,6,True,3,3
1,free_recall_working_memory,free_recall,3.0,multiplication,30,1,r,,4,True,4,4
1,free_recall_working_memory,free_recall,3.0,multiplication,30,2,k,,2,True,4,4
1,free_recall_working_memory,free_recall,3.0,multiplication,30,3,z,,1,True,4,4
1,free_recall_working_memory,free_recall,3.0,multiplication,30,4,b,,6,True,4,4
1,free_recall_working_memory,free_recall,3.0,multiplication,30,5,f,,,False,4,4
1,free_recall_working_memory,free_recall,3.0,multiplication,30,6,n,,,False,4,4
1,free_recall_working_memory,free_recall,3.0,multiplication,30,7,t,,,False,4,4
1,free_recall_working_memory,free_recall,3.0,multiplication,30,8,m,,,False,4,4
1,free_recall_working_memory,free_recall,3.0,multiplication,30,9,x,,,False,4,4
1,free_recall_working_memory,free_recall,3.0,multiplication,30,10,q,,,False,4,4
1,free_recall_working_memory,free_recall,3.0,multiplication,30,11,d,,,False,4,4
1,free_recall_working_memory,free_recall,3.0,multiplication,30,12,w,,,False,4,4
1,free_recall_working_memory,free_recall,3.0,multiplication,30,13,h,,,False,4,4
1,free_recall_working_memory,free_recall,3.0,multiplication,30,14,c,,3,True,4,4
1,free_recall_working_memory,free_recall,3.0,multiplication,30,15,v,,5,True,4,4
2,free_recall_working_memory,free_recall,3.0,multiplication,30,1,g,,3,True,3,4
2,free_recall_working_memory,free_recall,3.0,multiplication,30,2,p,,1,True,3,4
2,free_recall_working_memory,free_recall,3.0,multiplication,30,3,y,,,False,3,4
2,free_recall_working_memory,free_recall,3.0,multiplication,30,4,c,,,False,3,4
2,free_recall_working_memory,free_recall,3.0,multiplication,30,5,l,,4,True,3,4
2,free_recall_working_memory,free_recall,3.0,multiplication,30,6,j,,,False,3,4
2,free_recall_working_memory,free_recall,3.0,multiplication,30,7,s,,,False,3,4
2,free_recall_working_memory,free_recall,3.0,multiplication,30,8,d,,,False,3,4
2,free_recall_working_memory,free_recall,3.0,multiplication,30,9,a,,,False,3,4
2,free_recall_working_memory,free_recall,3.0,multiplication,30,10,x,,,False,3,4
2,free_recall_working_memory,free_recall,3.0,multiplication,30,11,m,,,False,3,4
2,free_recall_working_memory,free_recall,3.0,multiplication,30,12,w,,,False,3,4
2,free_recall_working_memory,free_recall,3.0,multiplication,30,13,k,,,False,3,4
2,free_recall_working_memory,free_recall,3.0,multiplication,30,14,f,,2,True,3,4
2,free_recall_working_memory,free_recall,3.0,multiplication,30,15,n,,5,True,3,4
3,free_recall_working_memory,free_recall,3.0,multiplication,30,1,h,,6,True,5,5
3,free_recall_working_memory,free_recall,3.0,multiplication,30,2,q,,2,True,5,5
3,free_recall_working_memory,free_recall,3.0,multiplication,30,3,a,,1,True,5,5
3,free_recall_working_memory,free_recall,3.0,multiplication,30,4,v,,7,True,5,5
3,free_recall_working_memory,free_recall,3.0,multiplication,30,5,e,,,False,5,5
3,free_recall_working_memory,free_recall,3.0,multiplication,30,6,t,,,False,5,5
3,free_recall_working_memory,free_recall,3.0,multiplication,30,7,r,,,False,5,5
3,free_recall_working_memory,free_recall,3.0,multiplication,30,8,n,,,False,5,5
3,free_recall_working_memory,free_recall,3.0,multiplication,30,9,k,,,False,5,5
3,free_recall_working_memory,free_recall,3.0,multiplication,30,10,z,,,False,5,5
3,free_recall_working_memory,free_recall,3.0,multiplication,30,11,c,,,False,5,5
3,free_recall_working_memory,free_recall,3.0,multiplication,30,12,y,,5,True,5,5
3,free_recall_working_memory,free_recall,3.0,multiplication,30,13,p,,,False,5,5
3,free_recall_working_memory,free_recall,3.0,multiplication,30,14,m,,4,True,5,5
3,free_recall_working_memory,free_recall,3.0,multiplication,30,15,s,,3,True,5,5
4,free_recall_working_memory,free_recall,3.0,multiplication,30,1,u,,2,True,2,3
4,free_recall_working_memory,free_recall,3.0,multiplication,30,2,d,,,False,2,3
4,free_recall_working_memory,free_recall,3.0,multiplication,30,3,o,,1,True,2,3
4,free_recall_working_memory,free_recall,3.0,multiplication,30,4,g,,,False,2,3
4,free_recall_working_memory,free_recall,3.0,multiplication,30,5,x,,,False,2,3
4,free_recall_working_memory,free_recall,3.0,multiplication,30,6,f,,,False,2,3
4,free_recall_working_memory,free_recall,3.0,multiplication,30,7,b,,,False,2,3
4,free_recall_working_memory,free_recall,3.0,multiplication,30,8,l,,,False,2,3
4,free_recall_working_memory,free_recall,3.0,multiplication,30,9,j,,,False,2,3
4,free_recall_working_memory,free_recall,3.0,multiplication,30,10,t,,,False,2,3
4,free_recall_working_memory,free_recall,3.0,multiplication,30,11,w,,,False,2,3
4,free_recall_working_memory,free_recall,3.0,multiplication,30,12,n,,,False,2,3
4,free_recall_working_memory,free_recall,3.0,multiplication,30,13,c,,,False,2,3
4,free_recall_working_memory,free_recall,3.0,multiplication,30,14,r,,3,True,2,3
4,free_recall_working_memory,free_recall,3.0,multiplication,30,15,y,,,False,2,3
5,free_recall_working_memory,free_recall,3.0,multiplication,30,1,m,,4,True,4,5
5,free_recall_working_memory,free_recall,3.0,multiplication,30,2,s,,2,True,4,5
5,free_recall_working_memory,free_recall,3.0,multiplication,30,3,e,,1,True,4,5
5,free_recall_working_memory,free_recall,3.0,multiplication,30,4,k,,5,True,4,5
5,free_recall_working_memory,free_recall,3.0,multiplication,30,5,q,,,False,4,5
5,free_recall_working_memory,free_recall,3.0,multiplication,30,6,b,,,False,4,5
5,free_recall_working_memory,free_recall,3.0,multiplication,30,7,z,,6,True,4,5
5,free_recall_working_memory,free_recall,3.0,multiplication,30,8,h,,,False,4,5
5,free_recall_working_memory,free_recall,3.0,multiplication,30,9,c,,,False,4,5
5,free_recall_working_memory,free_recall,3.0,multiplication,30,10,n,,,False,4,5
5,free_recall_working_memory,free_recall,3.0,multiplication,30,11,v,,,False,4,5
5,free_recall_working_memory,free_recall,3.0,multiplication,30,12,f,,,False,4,5
5,free_recall_working_memory,free_recall,3.0,multiplication,30,13,x,,,False,4,5
5,free_recall_working_memory,free_recall,3.0,multiplication,30,14,t,,3,True,4,5
5,free_recall_working_memory,free_recall,3.0,multiplication,30,15,j,,7,True,4,5
1,free_recall_pause,free_recall,3.0,pause,30,1,w,,1,True,0,0
1,free_recall_pause,free_recall,3.0,pause,30,2,e,,2,True,0,0
1,free_recall_pause,free_recall,3.0,pause,30,3,t,,3,True,0,0
1,free_recall_pause,free_recall,3.0,pause,30,4,p,,,False,0,0
1,free_recall_pause,free_recall,3.0,pause,30,5,z,,10,True,0,0
1,free_recall_pause,free_recall,3.0,pause,30,6,i,,4,True,0,0
1,free_recall_pause,free_recall,3.0,pause,30,7,f,,5,True,0,0
1,free_recall_pause,free_recall,3.0,pause,30,8,x,,,False,0,0
1,free_recall_pause,free_recall,3.0,pause,30,9,v,,12,True,0,0
1,free_recall_pause,free_recall,3.0,pause,30,10,m,,11,True,0,0
1,free_recall_pause,free_recall,3.0,pause,30,11,l,,9,True,0,0
1,free_recall_pause,free_recall,3.0,pause,30,12,g,,7,True,0,0
1,free_recall_pause,free_recall,3.0,pause,30,13,k,,8,True,0,0
1,free_recall_pause,free_recall,3.0,pause,30,14,j,,,False,0,0
1,free_recall_pause,free_recall,3.0,pause,30,15,a,,6,True,0,0
2,free_recall_pause,free_recall,3.0,pause,30,1,a,,5,True,0,0
2,free_recall_pause,free_recall,3.0,pause,30,2,c,,10,True,0,0
2,free_recall_pause,free_recall,3.0,pause,30,3,k,,,False,0,0
2,free_recall_pause,free_recall,3.0,pause,30,4,f,,6,True,0,0
2,free_recall_pause,free_recall,3.0,pause,30,5,g,,7,True,0,0
2,free_recall_pause,free_recall,3.0,pause,30,6,s,,,False,0,0
2,free_recall_pause,free_recall,3.0,pause,30,7,y,,,False,0,0
2,free_recall_pause,free_recall,3.0,pause,30,8,p,,,False,0,0
2,free_recall_pause,free_recall,3.0,pause,30,9,j,,8,True,0,0
2,free_recall_pause,free_recall,3.0,pause,30,10,t,,3,True,0,0
2,free_recall_pause,free_recall,3.0,pause,30,11,e,,,False,0,0
2,free_recall_pause,free_recall,3.0,pause,30,12,v,,11,True,0,0
2,free_recall_pause,free_recall,3.0,pause,30,13,u,,,False,0,0
2,free_recall_pause,free_recall,3.0,pause,30,14,w,,1,True,0,0
2,free_recall_pause,free_recall,3.0,pause,30,15,r,,2,True,0,0
1,serial_recall,serial_recall,3.0,none,0,1,d,d,1,True,0,0
1,serial_recall,serial_recall,3.0,none,0,2,o,o,2,True,0,0
1,serial_recall,serial_recall,3.0,none,0,3,e,e,3,True,0,0
1,serial_recall,serial_recall,3.0,none,0,4,k,k,4,True,0,0
1,serial_recall,serial_recall,3.0,none,0,5,f,f,5,True,0,0
1,serial_recall,serial_recall,3.0,none,0,6,n,n,6,True,0,0
1,serial_recall,serial_recall,3.0,none,0,7,b,z,7,False,0,0
1,serial_recall,serial_recall,3.0,none,0,8,z,r,8,False,0,0
1,serial_recall,serial_recall,3.0,none,0,9,p,t,9,False,0,0
1,serial_recall,serial_recall,3.0,none,0,10,q,y,10,False,0,0
1,serial_recall,serial_recall,3.0,none,0,11,s,h,11,False,0,0
1,serial_recall,serial_recall,3.0,none,0,12,u,d,12,False,0,0
1,serial_recall,serial_recall,3.0,none,0,13,j,g,13,False,0,0
1,serial_recall,serial_recall,3.0,none,0,14,x,x,14,True,0,0
1,serial_recall,serial_recall,3.0,none,0,15,m,m,15,True,0,0
2,serial_recall,serial_recall,3.0,none,0,1,r,r,1,True,0,0
2,serial_recall,serial_recall,3.0,none,0,2,g,k,2,False,0,0
2,serial_recall,serial_recall,3.0,none,0,3,s,s,3,True,0,0
2,serial_recall,serial_recall,3.0,none,0,4,z,z,4,True,0,0
2,serial_recall,serial_recall,3.0,none,0,5,q,g,5,False,0,0
2,serial_recall,serial_recall,3.0,none,0,6,k,e,6,False,0,0
2,serial_recall,serial_recall,3.0,none,0,7,u,r,7,False,0,0
2,serial_recall,serial_recall,3.0,none,0,8,j,p,8,False,0,0
2,serial_recall,serial_recall,3.0,none,0,9,i,t,9,False,0,0
2,serial_recall,serial_recall,3.0,none,0,10,l,d,10,False,0,0
2,serial_recall,serial_recall,3.0,none,0,11,p,g,11,False,0,0
2,serial_recall,serial_recall,3.0,none,0,12,m,h,12,False,0,0
2,serial_recall,serial_recall,3.0,none,0,13,b,b,13,True,0,0
2,serial_recall,serial_recall,3.0,none,0,14,a,a,14,True,0,0
2,serial_recall,serial_recall,3.0,none,0,15,o,o,15,True,0,0
3,serial_recall,serial_recall,3.0,none,0,1,x,x,1,True,0,0
3,serial_recall,serial_recall,3.0,none,0,2,y,y,2,True,0,0
3,serial_recall,serial_recall,3.0,none,0,3,u,u,3,True,0,0
3,serial_recall,serial_recall,3.0,none,0,4,k,k,4,True,0,0
3,serial_recall,serial_recall,3.0,none,0,5,o,o,5,True,0,0
3,serial_recall,serial_recall,3.0,none,0,6,c,h,6,False,0,0
3,serial_recall,serial_recall,3.0,none,0,7,h,r,7,False,0,0
3,serial_recall,serial_recall,3.0,none,0,8,z,t,8,False,0,0
3,serial_recall,serial_recall,3.0,none,0,9,b,y,9,False,0,0
3,serial_recall,serial_recall,3.0,none,0,10,m,d,10,False,0,0
3,serial_recall,serial_recall,3.0,none,0,11,v,g,11,False,0,0
3,serial_recall,serial_recall,3.0,none,0,12,f,j,12,False,0,0
3,serial_recall,serial_recall,3.0,none,0,13,a,a,13,True,0,0
3,serial_recall,serial_recall,3.0,none,0,14,s,w,14,False,0,0
3,serial_recall,serial_recall,3.0,none,0,15,w,f,15,False,0,0
4,serial_recall,serial_recall,3.0,none,0,1,l,l,1,True,0,0
4,serial_recall,serial_recall,3.0,none,0,2,x,x,2,True,0,0
4,serial_recall,serial_recall,3.0,none,0,3,h,h,3,True,0,0
4,serial_recall,serial_recall,3.0,none,0,4,g,g,4,True,0,0
4,serial_recall,serial_recall,3.0,none,0,5,s,s,5,True,0,0
4,serial_recall,serial_recall,3.0,none,0,6,c,d,6,False,0,0
4,serial_recall,serial_recall,3.0,none,0,7,v,g,7,False,0,0
4,serial_recall,serial_recall,3.0,none,0,8,f,h,8,False,0,0
4,serial_recall,serial_recall,3.0,none,0,9,y,d,9,False,0,0
4,serial_recall,serial_recall,3.0,none,0,10,m,s,10,False,0,0
4,serial_recall,serial_recall,3.0,none,0,11,z,h,11,False,0,0
4,serial_recall,serial_recall,3.0,none,0,12,o,r,12,False,0,0
4,serial_recall,serial_recall,3.0,none,0,13,a,a,13,True,0,0
4,serial_recall,serial_recall,3.0,none,0,14,d,d,14,True,0,0
4,serial_recall,serial_recall,3.0,none,0,15,b,b,15,True,0,0
5,serial_recall,serial_recall,3.0,none,0,1,i,a,1,False,0,0
5,serial_recall,serial_recall,3.0,none,0,2,a,a,2,True,0,0
5,serial_recall,serial_recall,3.0,none,0,3,w,w,3,True,0,0
5,serial_recall,serial_recall,3.0,none,0,4,r,r,4,True,0,0
5,serial_recall,serial_recall,3.0,none,0,5,d,d,5,True,0,0
5,serial_recall,serial_recall,3.0,none,0,6,k,k,6,True,0,0
5,serial_recall,serial_recall,3.0,none,0,7,q,q,7,True,0,0
5,serial_recall,serial_recall,3.0,none,0,8,g,i,8,False,0,0
5,serial_recall,serial_recall,3.0,none,0,9,m,o,9,False,0,0
5,serial_recall,serial_recall,3.0,none,0,10,o,p,10,False,0,0
5,serial_recall,serial_recall,3.0,none,0,11,x,n,11,False,0,0
5,serial_recall,serial_recall,3.0,none,0,12,z,m,12,False,0,0
5,serial_recall,serial_recall,3.0,none,0,13,f,z,13,False,0,0
5,serial_recall,serial_recall,3.0,none,0,14,l,f,14,False,0,0
5,serial_recall,serial_recall,3.0,none,0,15,t,l,15,False,0,0
1,serial_recall,serial_recall,3.0,none,0,1,f,f,1,True,0,0
1,serial_recall,serial_recall,3.0,none,0,2,t,t,2,True,0,0
1,serial_recall,serial_recall,3.0,none,0,3,h,h,3,True,0,0
1,serial_recall,serial_recall,3.0,none,0,4,v,v,4,True,0,0
1,serial_recall,serial_recall,3.0,none,0,5,l,l,5,True,0,0
1,serial_recall,serial_recall,3.0,none,0,6,z,z,6,True,0,0
1,serial_recall,serial_recall,3.0,none,0,7,m,m,7,True,0,0
1,serial_recall,serial_recall,3.0,none,0,8,o,o,8,True,0,0
1,serial_recall,serial_recall,3.0,none,0,9,c,c,9,True,0,0
1,serial_recall,serial_recall,3.0,none,0,10,q,b,10,False,0,0
1,serial_recall,serial_recall,3.0,none,0,11,i,e,11,False,0,0
1,serial_recall,serial_recall,3.0,none,0,12,e,e,12,True,0,0
1,serial_recall,serial_recall,3.0,none,0,13,r,r,13,True,0,0
1,serial_recall,serial_recall,3.0,none,0,14,s,s,14,True,0,0
1,serial_recall,serial_recall,3.0,none,0,15,x,x,15,True,0,0
2,serial_recall,serial_recall,3.0,none,0,1,f,f,1,True,0,0
2,serial_recall,serial_recall,3.0,none,0,2,n,l,2,False,0,0
2,serial_recall,serial_recall,3.0,none,0,3,g,g,3,True,0,0
2,serial_recall,serial_recall,3.0,none,0,4,p,n,4,False,0,0
2,serial_recall,serial_recall,3.0,none,0,5,l,o,5,False,0,0
2,serial_recall,serial_recall,3.0,none,0,6,k,j,6,False,0,0
2,serial_recall,serial_recall,3.0,none,0,7,v,y,7,False,0,0
2,serial_recall,serial_recall,3.0,none,0,8,r,b,8,False,0,0
2,serial_recall,serial_recall,3.0,none,0,9,e,r,9,False,0,0
2,serial_recall,serial_recall,3.0,none,0,10,j,e,10,False,0,0
2,serial_recall,serial_recall,3.0,none,0,11,y,c,11,False,0,0
2,serial_recall,serial_recall,3.0,none,0,12,b,t,12,False,0,0
2,serial_recall,serial_recall,3.0,none,0,13,a,m,13,False,0,0
2,serial_recall,serial_recall,3.0,none,0,14,u,u,14,True,0,0
2,serial_recall,serial_recall,3.0,none,0,15,h,h,15,True,0,0
3,serial_recall,serial_recall,3.0,none,0,1,g,g,1,True,0,0
3,serial_recall,serial_recall,3.0,none,0,2,v,n,2,False,0,0
3,serial_recall,serial_recall,3.0,none,0,3,d,d,3,True,0,0
3,serial_recall,serial_recall,3.0,none,0,4,n,l,4,False,0,0
3,serial_recall,serial_recall,3.0,none,0,5,l,l,5,True,0,0
3,serial_recall,serial_recall,3.0,none,0,6,i,o,6,False,0,0
3,serial_recall,serial_recall,3.0,none,0,7,e,p,7,False,0,0
3,serial_recall,serial_recall,3.0,none,0,8,b,l,8,False,0,0
3,serial_recall,serial_recall,3.0,none,0,9,r,k,9,False,0,0
3,serial_recall,serial_recall,3.0,none,0,10,y,x,10,False,0,0
3,serial_recall,serial_recall,3.0,none,0,11,j,c,11,False,0,0
3,serial_recall,serial_recall,3.0,none,0,12,p,o,12,False,0,0
3,serial_recall,serial_recall,3.0,none,0,13,o,k,13,False,0,0
3,serial_recall,serial_recall,3.0,none,0,14,z,l,14,False,0,0
3,serial_recall,serial_recall,3.0,none,0,15,m,b,15,False,0,0
4,serial_recall,serial_recall,3.0,none,0,1,i,i,1,True,0,0
4,serial_recall,serial_recall,3.0,none,0,2,v,v,2,True,0,0
4,serial_recall,serial_recall,3.0,none,0,3,a,a,3,True,0,0
4,serial_recall,serial_recall,3.0,none,0,4,p,p,4,True,0,0
4,serial_recall,serial_recall,3.0,none,0,5,f,f,5,True,0,0
4,serial_recall,serial_recall,3.0,none,0,6,s,s,6,True,0,0
4,serial_recall,serial_recall,3.0,none,0,7,k,k,7,True,0,0
4,serial_recall,serial_recall,3.0,none,0,8,d,l,8,False,0,0
4,serial_recall,serial_recall,3.0,none,0,9,m,q,9,False,0,0
4,serial_recall,serial_recall,3.0,none,0,10,c,r,10,False,0,0
4,serial_recall,serial_recall,3.0,none,0,11,t,t,11,True,0,0
4,serial_recall,serial_recall,3.0,none,0,12,j,z,12,False,0,0
4,serial_recall,serial_recall,3.0,none,0,13,e,m,13,False,0,0
4,serial_recall,serial_recall,3.0,none,0,14,h,h,14,True,0,0
4,serial_recall,serial_recall,3.0,none,0,15,g,g,15,True,0,0
5,serial_recall,serial_recall,3.0,none,0,1,k,k,1,True,0,0
5,serial_recall,serial_recall,3.0,none,0,2,d,d,2,True,0,0
5,serial_recall,serial_recall,3.0,none,0,3,z,z,3,True,0,0
5,serial_recall,serial_recall,3.0,none,0,4,g,g,4,True,0,0
5,serial_recall,serial_recall,3.0,none,0,5,c,c,5,True,0,0
5,serial_recall,serial_recall,3.0,none,0,6,f,b,6,False,0,0
5,serial_recall,serial_recall,3.0,none,0,7,i,m,7,False,0,0
5,serial_recall,serial_recall,3.0,none,0,8,y,e,8,False,0,0
5,serial_recall,serial_recall,3.0,none,0,9,t,,9,False,0,0
5,serial_recall,serial_recall,3.0,none,0,10,b,y,10,False,0,0
5,serial_recall,serial_recall,3.0,none,0,11,m,t,11,False,0,0
5,serial_recall,serial_recall,3.0,none,0,12,e,e,12,True,0,0
5,serial_recall,serial_recall,3.0,none,0,13,o,o,13,True,0,0
5,serial_recall,serial_recall,3.0,none,0,14,s,r,14,False,0,0
5,serial_recall,serial_recall,3.0,none,0,15,r,s,15,False,0,0
1,serial_recall,serial_recall,3.0,none,0,1,j,j,1,True,0,0
1,serial_recall,serial_recall,3.0,none,0,2,g,g,2,True,0,0
1,serial_recall,serial_recall,3.0,none,0,3,e,e,3,True,0,0
1,serial_recall,serial_recall,3.0,none,0,4,k,k,4,True,0,0
1,serial_recall,serial_recall,3.0,none,0,5,l,l,5,True,0,0
1,serial_recall,serial_recall,3.0,none,0,6,q,y,6,False,0,0
1,serial_recall,serial_recall,3.0,none,0,7,x,u,7,False,0,0
1,serial_recall,serial_recall,3.0,none,0,8,p,t,8,False,0,0
1,serial_recall,serial_recall,3.0,none,0,9,v,x,9,False,0,0
1,serial_recall,serial_recall,3.0,none,0,10,y,v,10,False,0,0
1,serial_recall,serial_recall,3.0,none,0,11,c,n,11,False,0,0
1,serial_recall,serial_recall,3.0,none,0,12,r,m,12,False,0,0
1,serial_recall,serial_recall,3.0,none,0,13,t,a,13,False,0,0
1,serial_recall,serial_recall,3.0,none,0,14,u,u,14,True,0,0
1,serial_recall,serial_recall,3.0,none,0,15,i,i,15,True,0,0
2,serial_recall,serial_recall,3.0,none,0,1,y,y,1,True,0,0
2,serial_recall,serial_recall,3.0,none,0,2,f,f,2,True,0,0
2,serial_recall,serial_recall,3.0,none,0,3,t,t,3,True,0,0
2,serial_recall,serial_recall,3.0,none,0,4,h,h,4,True,0,0
2,serial_recall,serial_recall,3.0,none,0,5,u,u,5,True,0,0
2,serial_recall,serial_recall,3.0,none,0,6,e,e,6,True,0,0
2,serial_recall,serial_recall,3.0,none,0,7,w,q,7,False,0,0
2,serial_recall,serial_recall,3.0,none,0,8,x,b,8,False,0,0
2,serial_recall,serial_recall,3.0,none,0,9,a,n,9,False,0,0
2,serial_recall,serial_recall,3.0,none,0,10,n,z,10,False,0,0
2,serial_recall,serial_recall,3.0,none,0,11,l,o,11,False,0,0
2,serial_recall,serial_recall,3.0,none,0,12,o,o,12,True,0,0
2,serial_recall,serial_recall,3.0,none,0,13,j,j,13,True,0,0
2,serial_recall,serial_recall,3.0,none,0,14,k,k,14,True,0,0
2,serial_recall,serial_recall,3.0,none,0,15,g,g,15,True,0,0
3,serial_recall,serial_recall,3.0,none,0,1,d,d,1,True,0,0
3,serial_recall,serial_recall,3.0,none,0,2,s,s,2,True,0,0
3,serial_recall,serial_recall,3.0,none,0,3,h,h,3,True,0,0
3,serial_recall,serial_recall,3.0,none,0,4,y,y,4,True,0,0
3,serial_recall,serial_recall,3.0,none,0,5,g,g,5,True,0,0
3,serial_recall,serial_recall,3.0,none,0,6,o,op,6,False,0,0
3,serial_recall,serial_recall,3.0,none,0,7,p,p,7,True,0,0
3,serial_recall,serial_recall,3.0,none,0,8,t,b,8,False,0,0
3,serial_recall,serial_recall,3.0,none,0,9,w,c,9,False,0,0
3,serial_recall,serial_recall,3.0,none,0,10,n,v,10,False,0,0
3,serial_recall,serial_recall,3.0,none,0,11,b,x,11,False,0,0
3,serial_recall,serial_recall,3.0,none,0,12,q,q,12,True,0,0
3,serial_recall,serial_recall,3.0,none,0,13,a,a,13,True,0,0
3,serial_recall,serial_recall,3.0,none,0,14,l,l,14,True,0,0
3,serial_recall,serial_recall,3.0,none,0,15,j,o,15,False,0,0
4,serial_recall,serial_recall,3.0,none,0,1,e,e,1,True,0,0
4,serial_recall,serial_recall,3.0,none,0,2,a,a,2,True,0,0
4,serial_recall,serial_recall,3.0,none,0,3,q,q,3,True,0,0
4,serial_recall,serial_recall,3.0,none,0,4,y,y,4,True,0,0
4,serial_recall,serial_recall,3.0,none,0,5,w,u,5,False,0,0
4,serial_recall,serial_recall,3.0,none,0,6,h,x,6,False,0,0
4,serial_recall,serial_recall,3.0,none,0,7,s,z,7,False,0,0
4,serial_recall,serial_recall,3.0,none,0,8,p,m,8,False,0,0
4,serial_recall,serial_recall,3.0,none,0,9,x,c,9,False,0,0
4,serial_recall,serial_recall,3.0,none,0,10,b,v,10,False,0,0
4,serial_recall,serial_recall,3.0,none,0,11,v,v,11,True,0,0
4,serial_recall,serial_recall,3.0,none,0,12,k,k,12,True,0,0
4,serial_recall,serial_recall,3.0,none,0,13,l,l,13,True,0,0
4,serial_recall,serial_recall,3.0,none,0,14,r,a,14,False,0,0
4,serial_recall,serial_recall,3.0,none,0,15,d,d,15,True,0,0
5,serial_recall,serial_recall,3.0,none,0,1,t,t,1,True,0,0
5,serial_recall,serial_recall,3.0,none,0,2,h,h,2,True,0,0
5,serial_recall,serial_recall,3.0,none,0,3,i,i,3,True,0,0
5,serial_recall,serial_recall,3.0,none,0,4,q,q,4,True,0,0
5,serial_recall,serial_recall,3.0,none,0,5,p,p,5,True,0,0
5,serial_recall,serial_recall,3.0,none,0,6,f,f,6,True,0,0
5,serial_recall,serial_recall,3.0,none,0,7,v,b,7,False,0,0
5,serial_recall,serial_recall,3.0,none,0,8,c,u,8,False,0,0
5,serial_recall,serial_recall,3.0,none,0,9,n,p,9,False,0,0
5,serial_recall,serial_recall,3.0,none,0,10,d,z,10,False,0,0
5,serial_recall,serial_recall,3.0,none,0,11,k,y,11,False,0,0
5,serial_recall,serial_recall,3.0,none,0,12,y,m,12,False,0,0
5,serial_recall,serial_recall,3.0,none,0,13,m,l,13,False,0,0
5,serial_recall,serial_recall,3.0,none,0,14,l,o,14,False,0,0
5,serial_recall,serial_recall,3.0,none,0,15,w,p,15,False,0,0
1,serial_recall_chunking,serial_recall,3.0,none,0,1,rødbederne,rødbederne,1,True,0,0
1,serial_recall_chunking,serial_recall,3.0,none,0,2,farvede,farvede,2,True,0,0
1,serial_recall_chunking,serial_recall,3.0,none,0,3,skærebrættet,skærebrættet,3,True,0,0
1,serial_recall_chunking,serial_recall,3.0,none,0,4,rødt,rødt,4,True,0,0
1,serial_recall_chunking,serial_recall,3.0,none,0,5,men,men,5,True,0,0
1,serial_recall_chunking,serial_recall,3.0,none,0,6,deres,deres,6,True,0,0
1,serial_recall_chunking,serial_recall,3.0,none,0,7,søde,søde,7,True,0,0
1,serial_recall_chunking,serial_recall,3.0,none,0,8,smag,smag,8,True,0,0
1,serial_recall_chunking,serial_recall,3.0,none,0,9,passede,smagte,9,False,0,0
1,serial_recall_chunking,serial_recall,3.0,none,0,10,godt,godt,10,True,0,0
1,serial_recall_chunking,serial_recall,3.0,none,0,11,til,sammen,11,False,0,0
1,serial_recall_chunking,serial_recall,3.0,none,0,12,den,mend,12,False,0,0
1,serial_recall_chunking,serial_recall,3.0,none,0,13,salte,den,13,False,0,0
1,serial_recall_chunking,serial_recall,3.0,none,0,14,feta,salte,14,False,0,0
1,serial_recall_chunking,serial_recall,3.0,none,0,15,sammen,feta,15,False,0,0
2,serial_recall_chunking,serial_recall,3.0,none,0,1,læsestolen,læsestolen,1,True,0,0
2,serial_recall_chunking,serial_recall,3.0,none,0,2,ved,ved,2,True,0,0
2,serial_recall_chunking,serial_recall,3.0,none,0,3,vinduet,vinduet,3,True,0,0
2,serial_recall_chunking,serial_recall,3.0,none,0,4,var,var,4,True,0,0
2,serial_recall_chunking,serial_recall,3.0,none,0,5,optaget,optaget,5,True,0,0
2,serial_recall_chunking,serial_recall,3.0,none,0,6,derfor,derfor,6,True,0,0
2,serial_recall_chunking,serial_recall,3.0,none,0,7,valgte,valgte,7,True,0,0
2,serial_recall_chunking,serial_recall,3.0,none,0,8,nora,nora,8,True,0,0
2,serial_recall_chunking,serial_recall,3.0,none,0,9,et,et,9,True,0,0
2,serial_recall_chunking,serial_recall,3.0,none,0,10,bord,bord,10,True,0,0
2,serial_recall_chunking,serial_recall,3.0,none,0,11,inde,mellem,11,False,0,0
2,serial_recall_chunking,serial_recall,3.0,none,0,12,mellem,fagbørgerne,12,False,0,0
2,serial_recall_chunking,serial_recall,3.0,none,0,13,fagbøgerne,inde,13,False,0,0
2,serial_recall_chunking,serial_recall,3.0,none,0,14,i,i,14,True,0,0
2,serial_recall_chunking,serial_recall,3.0,none,0,15,stedet,stuen,15,False,0,0
3,serial_recall_chunking,serial_recall,3.0,none,0,1,den,den,1,True,0,0
3,serial_recall_chunking,serial_recall,3.0,none,0,2,første,første,2,True,0,0
3,serial_recall_chunking,serial_recall,3.0,none,0,3,nat,nat,3,True,0,0
3,serial_recall_chunking,serial_recall,3.0,none,0,4,i,i,4,True,0,0
3,serial_recall_chunking,serial_recall,3.0,none,0,5,lejligheden,lejligheden,5,True,0,0
3,serial_recall_chunking,serial_recall,3.0,none,0,6,sov,sov,6,True,0,0
3,serial_recall_chunking,serial_recall,3.0,none,0,7,de,de,7,True,0,0
3,serial_recall_chunking,serial_recall,3.0,none,0,8,på,mellem,8,False,0,0
3,serial_recall_chunking,serial_recall,3.0,none,0,9,madrasser,uåbnede,9,False,0,0
3,serial_recall_chunking,serial_recall,3.0,none,0,10,mellem,kasser,10,False,0,0
3,serial_recall_chunking,serial_recall,3.0,none,0,11,uåbnede,og møble,11,False,0,0
3,serial_recall_chunking,serial_recall,3.0,none,0,12,kasser,løse,12,False,0,0
3,serial_recall_chunking,serial_recall,3.0,none,0,13,og,madrasser,13,False,0,0
3,serial_recall_chunking,serial_recall,3.0,none,0,14,løse,i,14,False,0,0
3,serial_recall_chunking,serial_recall,3.0,none,0,15,lamper,i,15,False,0,0
4,serial_recall_chunking,serial_recall,3.0,none,0,1,postkortet,postkortet,1,True,0,0
4,serial_recall_chunking,serial_recall,3.0,none,0,2,viste,viste,2,True,0,0
4,serial_recall_chunking,serial_recall,3.0,none,0,3,en,en,3,True,0,0
4,serial_recall_chunking,serial_recall,3.0,none,0,4,bjergsø,bjergsø,4,True,0,0
4,serial_recall_chunking,serial_recall,3.0,none,0,5,og,og,5,True,0,0
4,serial_recall_chunking,serial_recall,3.0,none,0,6,indeholdt,indeholdt,6,True,0,0
4,serial_recall_chunking,serial_recall,3.0,none,0,7,kun,kun,7,True,0,0
4,serial_recall_chunking,serial_recall,3.0,none,0,8,tre,tre,8,True,0,0
4,serial_recall_chunking,serial_recall,3.0,none,0,9,korte,korte,9,True,0,0
4,serial_recall_chunking,serial_recall,3.0,none,0,10,linjer,linjer,10,True,0,0
4,serial_recall_chunking,serial_recall,3.0,none,0,11,om,om,11,True,0,0
4,serial_recall_chunking,serial_recall,3.0,none,0,12,familiens,familiens,12,True,0,0
4,serial_recall_chunking,serial_recall,3.0,none,0,13,ferie,tur,13,False,0,0
4,serial_recall_chunking,serial_recall,3.0,none,0,14,i,til,14,False,0,0
4,serial_recall_chunking,serial_recall,3.0,none,0,15,schweiz,schweiz,15,True,0,0
5,serial_recall_chunking,serial_recall,3.0,none,0,1,på,på,1,True,0,0
5,serial_recall_chunking,serial_recall,3.0,none,0,2,hjørnet,hjørnet,2,True,0,0
5,serial_recall_chunking,serial_recall,3.0,none,0,3,åbnede,af,3,False,0,0
5,serial_recall_chunking,serial_recall,3.0,none,0,4,en,gaden,4,False,0,0
5,serial_recall_chunking,serial_recall,3.0,none,0,5,lille,åbnede,5,False,0,0
5,serial_recall_chunking,serial_recall,3.0,none,0,6,blomsterbutik,en,6,False,0,0
5,serial_recall_chunking,serial_recall,3.0,none,0,7,hvor,lille,7,False,0,0
5,serial_recall_chunking,serial_recall,3.0,none,0,8,duften,blomsterbutik,8,False,0,0
5,serial_recall_chunking,serial_recall,3.0,none,0,9,af,hvor,9,False,0,0
5,serial_recall_chunking,serial_recall,3.0,none,0,10,liljer,duften,10,False,0,0
5,serial_recall_chunking,serial_recall,3.0,none,0,11,nåede,af,11,False,0,0
5,serial_recall_chunking,serial_recall,3.0,none,0,12,helt,liljer,12,False,0,0
5,serial_recall_chunking,serial_recall,3.0,none,0,13,ud,nåede,13,False,0,0
5,serial_recall_chunking,serial_recall,3.0,none,0,14,på,helt,14,False,0,0
5,serial_recall_chunking,serial_recall,3.0,none,0,15,fortovet,ud,15,False,0,0
1,serial_recall_chunking,serial_recall,3.0,none,0,1,forsiden,forsiden,1,True,0,0
1,serial_recall_chunking,serial_recall,3.0,none,0,2,viste,viste,2,True,0,0
1,serial_recall_chunking,serial_recall,3.0,none,0,3,et,et,3,True,0,0
1,serial_recall_chunking,serial_recall,3.0,none,0,4,stort,stort,4,True,0,0
1,serial_recall_chunking,serial_recall,3.0,none,0,5,billede,billede,5,True,0,0
1,serial_recall_chunking,serial_recall,3.0,none,0,6,fra,af,6,False,0,0
1,serial_recall_chunking,serial_recall,3.0,none,0,7,stormen,stormen,7,True,0,0
1,serial_recall_chunking,serial_recall,3.0,none,0,8,mens,mens,8,True,0,0
1,serial_recall_chunking,serial_recall,3.0,none,0,9,de,de,9,True,0,0
1,serial_recall_chunking,serial_recall,3.0,none,0,10,mindre,mindre,10,True,0,0
1,serial_recall_chunking,serial_recall,3.0,none,0,11,artikler,artikler,11,True,0,0
1,serial_recall_chunking,serial_recall,3.0,none,0,12,fortsatte,fortsatte,12,True,0,0
1,serial_recall_chunking,serial_recall,3.0,none,0,13,på,på,13,True,0,0
1,serial_recall_chunking,serial_recall,3.0,none,0,14,indersiderne,indersiderne,14,True,0,0
1,serial_recall_chunking,serial_recall,3.0,none,0,15,inde,inde,15,True,0,0
2,serial_recall_chunking,serial_recall,3.0,none,0,1,kyllingen,kyllingen,1,True,0,0
2,serial_recall_chunking,serial_recall,3.0,none,0,2,blev,blev,2,True,0,0
2,serial_recall_chunking,serial_recall,3.0,none,0,3,marineret,marineret,3,True,0,0
2,serial_recall_chunking,serial_recall,3.0,none,0,4,med,i,4,False,0,0
2,serial_recall_chunking,serial_recall,3.0,none,0,5,citron,citron,5,True,0,0
2,serial_recall_chunking,serial_recall,3.0,none,0,6,hvidløg,hvidløg,6,True,0,0
2,serial_recall_chunking,serial_recall,3.0,none,0,7,og,og,7,True,0,0
2,serial_recall_chunking,serial_recall,3.0,none,0,8,urter,urter,8,True,0,0
2,serial_recall_chunking,serial_recall,3.0,none,0,9,før,før,9,True,0,0
2,serial_recall_chunking,serial_recall,3.0,none,0,10,den,den,10,True,0,0
2,serial_recall_chunking,serial_recall,3.0,none,0,11,kom,kom,11,True,0,0
2,serial_recall_chunking,serial_recall,3.0,none,0,12,på,på,12,True,0,0
2,serial_recall_chunking,serial_recall,3.0,none,0,13,den,den,13,True,0,0
2,serial_recall_chunking,serial_recall,3.0,none,0,14,varme,varme,14,True,0,0
2,serial_recall_chunking,serial_recall,3.0,none,0,15,grill,grill,15,True,0,0
3,serial_recall_chunking,serial_recall,3.0,none,0,1,en,en,1,True,0,0
3,serial_recall_chunking,serial_recall,3.0,none,0,2,mand,mand,2,True,0,0
3,serial_recall_chunking,serial_recall,3.0,none,0,3,fodrede,fodrede,3,True,0,0
3,serial_recall_chunking,serial_recall,3.0,none,0,4,ænderne,ænderne,4,True,0,0
3,serial_recall_chunking,serial_recall,3.0,none,0,5,med,med,5,True,0,0
3,serial_recall_chunking,serial_recall,3.0,none,0,6,havregryn,havregryn,6,True,0,0
3,serial_recall_chunking,serial_recall,3.0,none,0,7,mens,mens,7,True,0,0
3,serial_recall_chunking,serial_recall,3.0,none,0,8,børn,børn,8,True,0,0
3,serial_recall_chunking,serial_recall,3.0,none,0,9,så,så,9,True,0,0
3,serial_recall_chunking,serial_recall,3.0,none,0,10,til,til,10,True,0,0
3,serial_recall_chunking,serial_recall,3.0,none,0,11,fra,over,11,False,0,0
3,serial_recall_chunking,serial_recall,3.0,none,0,12,broen,broen,12,True,0,0
3,serial_recall_chunking,serial_recall,3.0,none,0,13,over,ved,13,False,0,0
3,serial_recall_chunking,serial_recall,3.0,none,0,14,dammen,dammen,14,True,0,0
3,serial_recall_chunking,serial_recall,3.0,none,0,15,tætved,tætved,15,True,0,0
4,serial_recall_chunking,serial_recall,3.0,none,0,1,ostebrættet,ostebrættet,1,True,0,0
4,serial_recall_chunking,serial_recall,3.0,none,0,2,havde,havde,2,True,0,0
4,serial_recall_chunking,serial_recall,3.0,none,0,3,både,både,3,True,0,0
4,serial_recall_chunking,serial_recall,3.0,none,0,4,blød,en,4,False,0,0
4,serial_recall_chunking,serial_recall,3.0,none,0,5,brie,blåd,5,False,0,0
4,serial_recall_chunking,serial_recall,3.0,none,0,6,fast,brie,6,False,0,0
4,serial_recall_chunking,serial_recall,3.0,none,0,7,gouda,fast,7,False,0,0
4,serial_recall_chunking,serial_recall,3.0,none,0,8,og,gouda,8,False,0,0
4,serial_recall_chunking,serial_recall,3.0,none,0,9,en,og,9,False,0,0
4,serial_recall_chunking,serial_recall,3.0,none,0,10,stærk,en,10,False,0,0
4,serial_recall_chunking,serial_recall,3.0,none,0,11,blåskimmelost,stærk,11,False,0,0
4,serial_recall_chunking,serial_recall,3.0,none,0,12,til,blåskimmelost,12,False,0,0
4,serial_recall_chunking,serial_recall,3.0,none,0,13,aftenens,gæsterne,13,False,0,0
4,serial_recall_chunking,serial_recall,3.0,none,0,14,gæster,var,14,False,0,0
4,serial_recall_chunking,serial_recall,3.0,none,0,15,klar,glade,15,False,0,0
5,serial_recall_chunking,serial_recall,3.0,none,0,1,en,en,1,True,0,0
5,serial_recall_chunking,serial_recall,3.0,none,0,2,vandkande,vandkande,2,True,0,0
5,serial_recall_chunking,serial_recall,3.0,none,0,3,stod,stod,3,True,0,0
5,serial_recall_chunking,serial_recall,3.0,none,0,4,mellem,mellem,4,True,0,0
5,serial_recall_chunking,serial_recall,3.0,none,0,5,potterne,planterne,5,False,0,0
5,serial_recall_chunking,serial_recall,3.0,none,0,6,mens,før,6,False,0,0
5,serial_recall_chunking,serial_recall,3.0,none,0,7,små,de,7,False,0,0
5,serial_recall_chunking,serial_recall,3.0,none,0,8,basilikumplanter,ble,8,False,0,0
5,serial_recall_chunking,serial_recall,3.0,none,0,9,blev,vandet,9,False,0,0
5,serial_recall_chunking,serial_recall,3.0,none,0,10,afhærdet,mellem,10,False,0,0
5,serial_recall_chunking,serial_recall,3.0,none,0,11,før,flere,11,False,0,0
5,serial_recall_chunking,serial_recall,3.0,none,0,12,udplantning,planter,12,False,0,0
5,serial_recall_chunking,serial_recall,3.0,none,0,13,i,det,13,False,0,0
5,serial_recall_chunking,serial_recall,3.0,none,0,14,haven,var,14,False,0,0
5,serial_recall_chunking,serial_recall,3.0,none,0,15,senere,senere,15,True,0,0
1,serial_recall_chunking,serial_recall,3.0,none,0,1,magneten,magneten,1,True,0,0
1,serial_recall_chunking,serial_recall,3.0,none,0,2,trak,trak,2,True,0,0
1,serial_recall_chunking,serial_recall,3.0,none,0,3,sømmet,sømmet,3,True,0,0
1,serial_recall_chunking,serial_recall,3.0,none,0,4,hen,hen,4,True,0,0
1,serial_recall_chunking,serial_recall,3.0,none,0,5,over,over,5,True,0,0
1,serial_recall_chunking,serial_recall,3.0,none,0,6,bordet,bordet,6,True,0,0
1,serial_recall_chunking,serial_recall,3.0,none,0,7,uden,uden,7,True,0,0
1,serial_recall_chunking,serial_recall,3.0,none,0,8,at,at,8,True,0,0
1,serial_recall_chunking,serial_recall,3.0,none,0,9,hånden,hånden,9,True,0,0
1,serial_recall_chunking,serial_recall,3.0,none,0,10,på,på,10,True,0,0
1,serial_recall_chunking,serial_recall,3.0,none,0,11,noget,noget,11,True,0,0
1,serial_recall_chunking,serial_recall,3.0,none,0,12,tidspunkt,tidspunkt,12,True,0,0
1,serial_recall_chunking,serial_recall,3.0,none,0,13,rørte,rørte,13,True,0,0
1,serial_recall_chunking,serial_recall,3.0,none,0,14,selve,selve,14,True,0,0
1,serial_recall_chunking,serial_recall,3.0,none,0,15,metallet,metallet,15,True,0,0
2,serial_recall_chunking,serial_recall,3.0,none,0,1,håndklædet,håndklædet,1,True,0,0
2,serial_recall_chunking,serial_recall,3.0,none,0,2,hang,hang,2,True,0,0
2,serial_recall_chunking,serial_recall,3.0,none,0,3,over,over,3,True,0,0
2,serial_recall_chunking,serial_recall,3.0,none,0,4,radiatoren,radiatoren,4,True,0,0
2,serial_recall_chunking,serial_recall,3.0,none,0,5,og,mens,5,False,0,0
2,serial_recall_chunking,serial_recall,3.0,none,0,6,blev,badeværelset,6,False,0,0
2,serial_recall_chunking,serial_recall,3.0,none,0,7,lunt,langsomt,7,False,0,0
2,serial_recall_chunking,serial_recall,3.0,none,0,8,mens,tørrede,8,False,0,0
2,serial_recall_chunking,serial_recall,3.0,none,0,9,badeværelset,fra,9,False,0,0
2,serial_recall_chunking,serial_recall,3.0,none,0,10,langsomt,morgenens,10,False,0,0
2,serial_recall_chunking,serial_recall,3.0,none,0,11,tørrede,brusebad,11,False,0,0
2,serial_recall_chunking,serial_recall,3.0,none,0,12,efter,helt,12,False,0,0
2,serial_recall_chunking,serial_recall,3.0,none,0,13,morgenens,morgenens,13,True,0,0
2,serial_recall_chunking,serial_recall,3.0,none,0,14,brusebad,brusebad,14,True,0,0
2,serial_recall_chunking,serial_recall,3.0,none,0,15,helt,helt,15,True,0,0
3,serial_recall_chunking,serial_recall,3.0,none,0,1,saturns,saturns,1,True,0,0
3,serial_recall_chunking,serial_recall,3.0,none,0,2,ringe,ringe,2,True,0,0
3,serial_recall_chunking,serial_recall,3.0,none,0,3,fremstod,fremstod,3,True,0,0
3,serial_recall_chunking,serial_recall,3.0,none,0,4,skarpe,skarpe,4,True,0,0
3,serial_recall_chunking,serial_recall,3.0,none,0,5,gennem,gennem,5,True,0,0
3,serial_recall_chunking,serial_recall,3.0,none,0,6,okularet,okularet,6,True,0,0
3,serial_recall_chunking,serial_recall,3.0,none,0,7,selvom,af,7,False,0,0
3,serial_recall_chunking,serial_recall,3.0,none,0,8,observatoriets,det,8,False,0,0
3,serial_recall_chunking,serial_recall,3.0,none,0,9,gamle,gamle,9,True,0,0
3,serial_recall_chunking,serial_recall,3.0,none,0,10,teleskop,observatiores,10,False,0,0
3,serial_recall_chunking,serial_recall,3.0,none,0,11,havde,begrænset,11,False,0,0
3,serial_recall_chunking,serial_recall,3.0,none,0,12,begrænset,af,12,False,0,0
3,serial_recall_chunking,serial_recall,3.0,none,0,13,lysstyrke,den,13,False,0,0
3,serial_recall_chunking,serial_recall,3.0,none,0,14,den,svage,14,False,0,0
3,serial_recall_chunking,serial_recall,3.0,none,0,15,nat,lys,15,False,0,0
4,serial_recall_chunking,serial_recall,3.0,none,0,1,en,en,1,True,0,0
4,serial_recall_chunking,serial_recall,3.0,none,0,2,violinstreng,violinstreng,2,True,0,0
4,serial_recall_chunking,serial_recall,3.0,none,0,3,sprang,sprang,3,True,0,0
4,serial_recall_chunking,serial_recall,3.0,none,0,4,under,under,4,True,0,0
4,serial_recall_chunking,serial_recall,3.0,none,0,5,øvelsen,øvelsen,5,True,0,0
4,serial_recall_chunking,serial_recall,3.0,none,0,6,så,så,6,True,0,0
4,serial_recall_chunking,serial_recall,3.0,none,0,7,musikeren,musikeren,7,True,0,0
4,serial_recall_chunking,serial_recall,3.0,none,0,8,fandt,fandt,8,True,0,0
4,serial_recall_chunking,serial_recall,3.0,none,0,9,et,et,9,True,0,0
4,serial_recall_chunking,serial_recall,3.0,none,0,10,nyt,nyt,10,True,0,0
4,serial_recall_chunking,serial_recall,3.0,none,0,11,sæt,sæt,11,True,0,0
4,serial_recall_chunking,serial_recall,3.0,none,0,12,i,i,12,True,0,0
4,serial_recall_chunking,serial_recall,3.0,none,0,13,tasken,tasken,13,True,0,0
4,serial_recall_chunking,serial_recall,3.0,none,0,14,ved,ved,14,True,0,0
4,serial_recall_chunking,serial_recall,3.0,none,0,15,stolen,borde,15,False,0,0
5,serial_recall_chunking,serial_recall,3.0,none,0,1,glasuren,glasuren,1,True,0,0
5,serial_recall_chunking,serial_recall,3.0,none,0,2,løb,løb,2,True,0,0
5,serial_recall_chunking,serial_recall,3.0,none,0,3,en,langs,3,False,0,0
5,serial_recall_chunking,serial_recall,3.0,none,0,4,smule,siden,4,False,0,0
5,serial_recall_chunking,serial_recall,3.0,none,0,5,under,ved,5,False,0,0
5,serial_recall_chunking,serial_recall,3.0,none,0,6,brændingen,brændingen,6,True,0,0
5,serial_recall_chunking,serial_recall,3.0,none,0,7,og,og,7,True,0,0
5,serial_recall_chunking,serial_recall,3.0,none,0,8,skabte,det,8,False,0,0
5,serial_recall_chunking,serial_recall,3.0,none,0,9,et,skabte,9,False,0,0
5,serial_recall_chunking,serial_recall,3.0,none,0,10,uventet,et,10,False,0,0
5,serial_recall_chunking,serial_recall,3.0,none,0,11,farvespil,uventet,11,False,0,0
5,serial_recall_chunking,serial_recall,3.0,none,0,12,langs,mønster,12,False,0,0
5,serial_recall_chunking,serial_recall,3.0,none,0,13,vasens,nederst,13,False,0,0
5,serial_recall_chunking,serial_recall,3.0,none,0,14,nederste,på,14,False,0,0
5,serial_recall_chunking,serial_recall,3.0,none,0,15,kant,vasen,15,False,0,0
1,serial_recall_articulatory_suppresion,serial_recall,3.0,none,0,1,s,s,1,True,0,0
1,serial_recall_articulatory_suppresion,serial_recall,3.0,none,0,2,y,t,2,False,0,0
1,serial_recall_articulatory_suppresion,serial_recall,3.0,none,0,3,t,w,3,False,0,0
1,serial_recall_articulatory_suppresion,serial_recall,3.0,none,0,4,w,n,4,False,0,0
1,serial_recall_articulatory_suppresion,serial_recall,3.0,none,0,5,n,e,5,False,0,0
1,serial_recall_articulatory_suppresion,serial_recall,3.0,none,0,6,k,u,6,False,0,0
1,serial_recall_articulatory_suppresion,serial_recall,3.0,none,0,7,j,y,7,False,0,0
1,serial_recall_articulatory_suppresion,serial_recall,3.0,none,0,8,m,g,8,False,0,0
1,serial_recall_articulatory_suppresion,serial_recall,3.0,none,0,9,z,j,9,False,0,0
1,serial_recall_articulatory_suppresion,serial_recall,3.0,none,0,10,q,h,10,False,0,0
1,serial_recall_articulatory_suppresion,serial_recall,3.0,none,0,11,f,f,11,True,0,0
1,serial_recall_articulatory_suppresion,serial_recall,3.0,none,0,12,c,c,12,True,0,0
1,serial_recall_articulatory_suppresion,serial_recall,3.0,none,0,13,x,x,13,True,0,0
1,serial_recall_articulatory_suppresion,serial_recall,3.0,none,0,14,a,a,14,True,0,0
1,serial_recall_articulatory_suppresion,serial_recall,3.0,none,0,15,h,h,15,True,0,0
2,serial_recall_articulatory_suppresion,serial_recall,3.0,none,0,1,b,b,1,True,0,0
2,serial_recall_articulatory_suppresion,serial_recall,3.0,none,0,2,f,f,2,True,0,0
2,serial_recall_articulatory_suppresion,serial_recall,3.0,none,0,3,r,r,3,True,0,0
2,serial_recall_articulatory_suppresion,serial_recall,3.0,none,0,4,q,q,4,True,0,0
2,serial_recall_articulatory_suppresion,serial_recall,3.0,none,0,5,d,s,5,False,0,0
2,serial_recall_articulatory_suppresion,serial_recall,3.0,none,0,6,m,g,6,False,0,0
2,serial_recall_articulatory_suppresion,serial_recall,3.0,none,0,7,y,h,7,False,0,0
2,serial_recall_articulatory_suppresion,serial_recall,3.0,none,0,8,p,c,8,False,0,0
2,serial_recall_articulatory_suppresion,serial_recall,3.0,none,0,9,v,u,9,False,0,0
2,serial_recall_articulatory_suppresion,serial_recall,3.0,none,0,10,g,f,10,False,0,0
2,serial_recall_articulatory_suppresion,serial_recall,3.0,none,0,11,l,n,11,False,0,0
2,serial_recall_articulatory_suppresion,serial_recall,3.0,none,0,12,k,c,12,False,0,0
2,serial_recall_articulatory_suppresion,serial_recall,3.0,none,0,13,c,n,13,False,0,0
2,serial_recall_articulatory_suppresion,serial_recall,3.0,none,0,14,z,v,14,False,0,0
2,serial_recall_articulatory_suppresion,serial_recall,3.0,none,0,15,x,c,15,False,0,0
3,serial_recall_articulatory_suppresion,serial_recall,3.0,none,0,1,m,h,1,False,0,0
3,serial_recall_articulatory_suppresion,serial_recall,3.0,none,0,2,t,t,2,True,0,0
3,serial_recall_articulatory_suppresion,serial_recall,3.0,none,0,3,e,e,3,True,0,0
3,serial_recall_articulatory_suppresion,serial_recall,3.0,none,0,4,v,v,4,True,0,0
3,serial_recall_articulatory_suppresion,serial_recall,3.0,none,0,5,y,y,5,True,0,0
3,serial_recall_articulatory_suppresion,serial_recall,3.0,none,0,6,u,u,6,True,0,0
3,serial_recall_articulatory_suppresion,serial_recall,3.0,none,0,7,f,c,7,False,0,0
3,serial_recall_articulatory_suppresion,serial_recall,3.0,none,0,8,s,e,8,False,0,0
3,serial_recall_articulatory_suppresion,serial_recall,3.0,none,0,9,l,y,9,False,0,0
3,serial_recall_articulatory_suppresion,serial_recall,3.0,none,0,10,z,j,10,False,0,0
3,serial_recall_articulatory_suppresion,serial_recall,3.0,none,0,11,w,f,11,False,0,0
3,serial_recall_articulatory_suppresion,serial_recall,3.0,none,0,12,d,w,12,False,0,0
3,serial_recall_articulatory_suppresion,serial_recall,3.0,none,0,13,r,d,13,False,0,0
3,serial_recall_articulatory_suppresion,serial_recall,3.0,none,0,14,x,x,14,True,0,0
3,serial_recall_articulatory_suppresion,serial_recall,3.0,none,0,15,c,s,15,False,0,0
4,serial_recall_articulatory_suppresion,serial_recall,3.0,none,0,1,e,e,1,True,0,0
4,serial_recall_articulatory_suppresion,serial_recall,3.0,none,0,2,v,v,2,True,0,0
4,serial_recall_articulatory_suppresion,serial_recall,3.0,none,0,3,o,o,3,True,0,0
4,serial_recall_articulatory_suppresion,serial_recall,3.0,none,0,4,n,n,4,True,0,0
4,serial_recall_articulatory_suppresion,serial_recall,3.0,none,0,5,d,f,5,False,0,0
4,serial_recall_articulatory_suppresion,serial_recall,3.0,none,0,6,b,s,6,False,0,0
4,serial_recall_articulatory_suppresion,serial_recall,3.0,none,0,7,t,t,7,True,0,0
4,serial_recall_articulatory_suppresion,serial_recall,3.0,none,0,8,z,y,8,False,0,0
4,serial_recall_articulatory_suppresion,serial_recall,3.0,none,0,9,r,h,9,False,0,0
4,serial_recall_articulatory_suppresion,serial_recall,3.0,none,0,10,f,j,10,False,0,0
4,serial_recall_articulatory_suppresion,serial_recall,3.0,none,0,11,u,z,11,False,0,0
4,serial_recall_articulatory_suppresion,serial_recall,3.0,none,0,12,m,m,12,True,0,0
4,serial_recall_articulatory_suppresion,serial_recall,3.0,none,0,13,c,v,13,False,0,0
4,serial_recall_articulatory_suppresion,serial_recall,3.0,none,0,14,l,l,14,True,0,0
4,serial_recall_articulatory_suppresion,serial_recall,3.0,none,0,15,k,k,15,True,0,0
5,serial_recall_articulatory_suppresion,serial_recall,3.0,none,0,1,l,l,1,True,0,0
5,serial_recall_articulatory_suppresion,serial_recall,3.0,none,0,2,y,y,2,True,0,0
5,serial_recall_articulatory_suppresion,serial_recall,3.0,none,0,3,s,s,3,True,0,0
5,serial_recall_articulatory_suppresion,serial_recall,3.0,none,0,4,m,m,4,True,0,0
5,serial_recall_articulatory_suppresion,serial_recall,3.0,none,0,5,j,k,5,False,0,0
5,serial_recall_articulatory_suppresion,serial_recall,3.0,none,0,6,h,j,6,False,0,0
5,serial_recall_articulatory_suppresion,serial_recall,3.0,none,0,7,d,a,7,False,0,0
5,serial_recall_articulatory_suppresion,serial_recall,3.0,none,0,8,q,c,8,False,0,0
5,serial_recall_articulatory_suppresion,serial_recall,3.0,none,0,9,b,d,9,False,0,0
5,serial_recall_articulatory_suppresion,serial_recall,3.0,none,0,10,k,m,10,False,0,0
5,serial_recall_articulatory_suppresion,serial_recall,3.0,none,0,11,e,x,11,False,0,0
5,serial_recall_articulatory_suppresion,serial_recall,3.0,none,0,12,x,,12,False,0,0
5,serial_recall_articulatory_suppresion,serial_recall,3.0,none,0,13,u,i,13,False,0,0
5,serial_recall_articulatory_suppresion,serial_recall,3.0,none,0,14,z,q,14,False,0,0
5,serial_recall_articulatory_suppresion,serial_recall,3.0,none,0,15,r,r,15,True,0,0
1,serial_recall_articulatory_suppresion,serial_recall,3.0,none,0,1,p,p,1,True,0,0
1,serial_recall_articulatory_suppresion,serial_recall,3.0,none,0,2,g,g,2,True,0,0
1,serial_recall_articulatory_suppresion,serial_recall,3.0,none,0,3,r,r,3,True,0,0
1,serial_recall_articulatory_suppresion,serial_recall,3.0,none,0,4,b,k,4,False,0,0
1,serial_recall_articulatory_suppresion,serial_recall,3.0,none,0,5,d,m,5,False,0,0
1,serial_recall_articulatory_suppresion,serial_recall,3.0,none,0,6,q,q,6,True,0,0
1,serial_recall_articulatory_suppresion,serial_recall,3.0,none,0,7,n,f,7,False,0,0
1,serial_recall_articulatory_suppresion,serial_recall,3.0,none,0,8,j,t,8,False,0,0
1,serial_recall_articulatory_suppresion,serial_recall,3.0,none,0,9,w,l,9,False,0,0
1,serial_recall_articulatory_suppresion,serial_recall,3.0,none,0,10,x,c,10,False,0,0
1,serial_recall_articulatory_suppresion,serial_recall,3.0,none,0,11,h,a,11,False,0,0
1,serial_recall_articulatory_suppresion,serial_recall,3.0,none,0,12,u,s,12,False,0,0
1,serial_recall_articulatory_suppresion,serial_recall,3.0,none,0,13,z,v,13,False,0,0
1,serial_recall_articulatory_suppresion,serial_recall,3.0,none,0,14,c,c,14,True,0,0
1,serial_recall_articulatory_suppresion,serial_recall,3.0,none,0,15,k,k,15,True,0,0
2,serial_recall_articulatory_suppresion,serial_recall,3.0,none,0,1,a,a,1,True,0,0
2,serial_recall_articulatory_suppresion,serial_recall,3.0,none,0,2,n,n,2,True,0,0
2,serial_recall_articulatory_suppresion,serial_recall,3.0,none,0,3,v,v,3,True,0,0
2,serial_recall_articulatory_suppresion,serial_recall,3.0,none,0,4,j,q,4,False,0,0
2,serial_recall_articulatory_suppresion,serial_recall,3.0,none,0,5,s,d,5,False,0,0
2,serial_recall_articulatory_suppresion,serial_recall,3.0,none,0,6,f,r,6,False,0,0
2,serial_recall_articulatory_suppresion,serial_recall,3.0,none,0,7,y,b,7,False,0,0
2,serial_recall_articulatory_suppresion,serial_recall,3.0,none,0,8,m,q,8,False,0,0
2,serial_recall_articulatory_suppresion,serial_recall,3.0,none,0,9,t,g,9,False,0,0
2,serial_recall_articulatory_suppresion,serial_recall,3.0,none,0,10,e,w,10,False,0,0
2,serial_recall_articulatory_suppresion,serial_recall,3.0,none,0,11,i,x,11,False,0,0
2,serial_recall_articulatory_suppresion,serial_recall,3.0,none,0,12,o,z,12,False,0,0
2,serial_recall_articulatory_suppresion,serial_recall,3.0,none,0,13,l,p,13,False,0,0
2,serial_recall_articulatory_suppresion,serial_recall,3.0,none,0,14,c,h,14,False,0,0
2,serial_recall_articulatory_suppresion,serial_recall,3.0,none,0,15,q,u,15,False,0,0
3,serial_recall_articulatory_suppresion,serial_recall,3.0,none,0,1,f,r,1,False,0,0
3,serial_recall_articulatory_suppresion,serial_recall,3.0,none,0,2,k,k,2,True,0,0
3,serial_recall_articulatory_suppresion,serial_recall,3.0,none,0,3,b,b,3,True,0,0
3,serial_recall_articulatory_suppresion,serial_recall,3.0,none,0,4,x,x,4,True,0,0
3,serial_recall_articulatory_suppresion,serial_recall,3.0,none,0,5,d,d,5,True,0,0
3,serial_recall_articulatory_suppresion,serial_recall,3.0,none,0,6,m,m,6,True,0,0
3,serial_recall_articulatory_suppresion,serial_recall,3.0,none,0,7,p,s,7,False,0,0
3,serial_recall_articulatory_suppresion,serial_recall,3.0,none,0,8,w,a,8,False,0,0
3,serial_recall_articulatory_suppresion,serial_recall,3.0,none,0,9,t,n,9,False,0,0
3,serial_recall_articulatory_suppresion,serial_recall,3.0,none,0,10,z,g,10,False,0,0
3,serial_recall_articulatory_suppresion,serial_recall,3.0,none,0,11,e,j,11,False,0,0
3,serial_recall_articulatory_suppresion,serial_recall,3.0,none,0,12,y,v,12,False,0,0
3,serial_recall_articulatory_suppresion,serial_recall,3.0,none,0,13,c,l,13,False,0,0
3,serial_recall_articulatory_suppresion,serial_recall,3.0,none,0,14,h,h,14,True,0,0
3,serial_recall_articulatory_suppresion,serial_recall,3.0,none,0,15,u,q,15,False,0,0
4,serial_recall_articulatory_suppresion,serial_recall,3.0,none,0,1,i,i,1,True,0,0
4,serial_recall_articulatory_suppresion,serial_recall,3.0,none,0,2,r,r,2,True,0,0
4,serial_recall_articulatory_suppresion,serial_recall,3.0,none,0,3,n,n,3,True,0,0
4,serial_recall_articulatory_suppresion,serial_recall,3.0,none,0,4,y,y,4,True,0,0
4,serial_recall_articulatory_suppresion,serial_recall,3.0,none,0,5,g,g,5,True,0,0
4,serial_recall_articulatory_suppresion,serial_recall,3.0,none,0,6,a,d,6,False,0,0
4,serial_recall_articulatory_suppresion,serial_recall,3.0,none,0,7,s,s,7,True,0,0
4,serial_recall_articulatory_suppresion,serial_recall,3.0,none,0,8,f,k,8,False,0,0
4,serial_recall_articulatory_suppresion,serial_recall,3.0,none,0,9,v,c,9,False,0,0
4,serial_recall_articulatory_suppresion,serial_recall,3.0,none,0,10,o,m,10,False,0,0
4,serial_recall_articulatory_suppresion,serial_recall,3.0,none,0,11,j,z,11,False,0,0
4,serial_recall_articulatory_suppresion,serial_recall,3.0,none,0,12,t,t,12,True,0,0
4,serial_recall_articulatory_suppresion,serial_recall,3.0,none,0,13,q,w,13,False,0,0
4,serial_recall_articulatory_suppresion,serial_recall,3.0,none,0,14,l,l,14,True,0,0
4,serial_recall_articulatory_suppresion,serial_recall,3.0,none,0,15,d,d,15,True,0,0
5,serial_recall_articulatory_suppresion,serial_recall,3.0,none,0,1,m,m,1,True,0,0
5,serial_recall_articulatory_suppresion,serial_recall,3.0,none,0,2,p,p,2,True,0,0
5,serial_recall_articulatory_suppresion,serial_recall,3.0,none,0,3,k,k,3,True,0,0
5,serial_recall_articulatory_suppresion,serial_recall,3.0,none,0,4,w,w,4,True,0,0
5,serial_recall_articulatory_suppresion,serial_recall,3.0,none,0,5,b,t,5,False,0,0
5,serial_recall_articulatory_suppresion,serial_recall,3.0,none,0,6,c,f,6,False,0,0
5,serial_recall_articulatory_suppresion,serial_recall,3.0,none,0,7,e,a,7,False,0,0
5,serial_recall_articulatory_suppresion,serial_recall,3.0,none,0,8,z,r,8,False,0,0
5,serial_recall_articulatory_suppresion,serial_recall,3.0,none,0,9,h,d,9,False,0,0
5,serial_recall_articulatory_suppresion,serial_recall,3.0,none,0,10,q,n,10,False,0,0
5,serial_recall_articulatory_suppresion,serial_recall,3.0,none,0,11,u,s,11,False,0,0
5,serial_recall_articulatory_suppresion,serial_recall,3.0,none,0,12,x,v,12,False,0,0
5,serial_recall_articulatory_suppresion,serial_recall,3.0,none,0,13,j,g,13,False,0,0
5,serial_recall_articulatory_suppresion,serial_recall,3.0,none,0,14,o,f,14,False,0,0
5,serial_recall_articulatory_suppresion,serial_recall,3.0,none,0,15,y,y,15,True,0,0
1,serial_recall_articulatory_suppresion,serial_recall,3.0,none,0,1,d,d,1,True,0,0
1,serial_recall_articulatory_suppresion,serial_recall,3.0,none,0,2,k,k,2,True,0,0
1,serial_recall_articulatory_suppresion,serial_recall,3.0,none,0,3,p,p,3,True,0,0
1,serial_recall_articulatory_suppresion,serial_recall,3.0,none,0,4,w,r,4,False,0,0
1,serial_recall_articulatory_suppresion,serial_recall,3.0,none,0,5,g,m,5,False,0,0
1,serial_recall_articulatory_suppresion,serial_recall,3.0,none,0,6,s,s,6,True,0,0
1,serial_recall_articulatory_suppresion,serial_recall,3.0,none,0,7,n,f,7,False,0,0
1,serial_recall_articulatory_suppresion,serial_recall,3.0,none,0,8,y,c,8,False,0,0
1,serial_recall_articulatory_suppresion,serial_recall,3.0,none,0,9,t,q,9,False,0,0
1,serial_recall_articulatory_suppresion,serial_recall,3.0,none,0,10,b,h,10,False,0,0
1,serial_recall_articulatory_suppresion,serial_recall,3.0,none,0,11,v,j,11,False,0,0
1,serial_recall_articulatory_suppresion,serial_recall,3.0,none,0,12,m,z,12,False,0,0
1,serial_recall_articulatory_suppresion,serial_recall,3.0,none,0,13,x,a,13,False,0,0
1,serial_recall_articulatory_suppresion,serial_recall,3.0,none,0,14,f,f,14,True,0,0
1,serial_recall_articulatory_suppresion,serial_recall,3.0,none,0,15,j,l,15,False,0,0
2,serial_recall_articulatory_suppresion,serial_recall,3.0,none,0,1,r,r,1,True,0,0
2,serial_recall_articulatory_suppresion,serial_recall,3.0,none,0,2,h,h,2,True,0,0
2,serial_recall_articulatory_suppresion,serial_recall,3.0,none,0,3,c,v,3,False,0,0
2,serial_recall_articulatory_suppresion,serial_recall,3.0,none,0,4,z,z,4,True,0,0
2,serial_recall_articulatory_suppresion,serial_recall,3.0,none,0,5,q,b,5,False,0,0
2,serial_recall_articulatory_suppresion,serial_recall,3.0,none,0,6,l,n,6,False,0,0
2,serial_recall_articulatory_suppresion,serial_recall,3.0,none,0,7,u,g,7,False,0,0
2,serial_recall_articulatory_suppresion,serial_recall,3.0,none,0,8,a,t,8,False,0,0
2,serial_recall_articulatory_suppresion,serial_recall,3.0,none,0,9,m,d,9,False,0,0
2,serial_recall_articulatory_suppresion,serial_recall,3.0,none,0,10,k,w,10,False,0,0
2,serial_recall_articulatory_suppresion,serial_recall,3.0,none,0,11,e,x,11,False,0,0
2,serial_recall_articulatory_suppresion,serial_recall,3.0,none,0,12,p,s,12,False,0,0
2,serial_recall_articulatory_suppresion,serial_recall,3.0,none,0,13,y,c,13,False,0,0
2,serial_recall_articulatory_suppresion,serial_recall,3.0,none,0,14,n,n,14,True,0,0
2,serial_recall_articulatory_suppresion,serial_recall,3.0,none,0,15,t,q,15,False,0,0
3,serial_recall_articulatory_suppresion,serial_recall,3.0,none,0,1,g,g,1,True,0,0
3,serial_recall_articulatory_suppresion,serial_recall,3.0,none,0,2,m,m,2,True,0,0
3,serial_recall_articulatory_suppresion,serial_recall,3.0,none,0,3,x,x,3,True,0,0
3,serial_recall_articulatory_suppresion,serial_recall,3.0,none,0,4,q,q,4,True,0,0
3,serial_recall_articulatory_suppresion,serial_recall,3.0,none,0,5,v,v,5,True,0,0
3,serial_recall_articulatory_suppresion,serial_recall,3.0,none,0,6,b,n,6,False,0,0
3,serial_recall_articulatory_suppresion,serial_recall,3.0,none,0,7,k,c,7,False,0,0
3,serial_recall_articulatory_suppresion,serial_recall,3.0,none,0,8,d,f,8,False,0,0
3,serial_recall_articulatory_suppresion,serial_recall,3.0,none,0,9,r,j,9,False,0,0
3,serial_recall_articulatory_suppresion,serial_recall,3.0,none,0,10,w,t,10,False,0,0
3,serial_recall_articulatory_suppresion,serial_recall,3.0,none,0,11,s,l,11,False,0,0
3,serial_recall_articulatory_suppresion,serial_recall,3.0,none,0,12,h,p,12,False,0,0
3,serial_recall_articulatory_suppresion,serial_recall,3.0,none,0,13,y,z,13,False,0,0
3,serial_recall_articulatory_suppresion,serial_recall,3.0,none,0,14,e,e,14,True,0,0
3,serial_recall_articulatory_suppresion,serial_recall,3.0,none,0,15,c,c,15,True,0,0
4,serial_recall_articulatory_suppresion,serial_recall,3.0,none,0,1,n,n,1,True,0,0
4,serial_recall_articulatory_suppresion,serial_recall,3.0,none,0,2,y,y,2,True,0,0
4,serial_recall_articulatory_suppresion,serial_recall,3.0,none,0,3,f,f,3,True,0,0
4,serial_recall_articulatory_suppresion,serial_recall,3.0,none,0,4,t,r,4,False,0,0
4,serial_recall_articulatory_suppresion,serial_recall,3.0,none,0,5,a,q,5,False,0,0
4,serial_recall_articulatory_suppresion,serial_recall,3.0,none,0,6,j,v,6,False,0,0
4,serial_recall_articulatory_suppresion,serial_recall,3.0,none,0,7,c,b,7,False,0,0
4,serial_recall_articulatory_suppresion,serial_recall,3.0,none,0,8,o,m,8,False,0,0
4,serial_recall_articulatory_suppresion,serial_recall,3.0,none,0,9,z,d,9,False,0,0
4,serial_recall_articulatory_suppresion,serial_recall,3.0,none,0,10,u,g,10,False,0,0
4,serial_recall_articulatory_suppresion,serial_recall,3.0,none,0,11,r,k,11,False,0,0
4,serial_recall_articulatory_suppresion,serial_recall,3.0,none,0,12,p,w,12,False,0,0
4,serial_recall_articulatory_suppresion,serial_recall,3.0,none,0,13,i,x,13,False,0,0
4,serial_recall_articulatory_suppresion,serial_recall,3.0,none,0,14,s,s,14,True,0,0
4,serial_recall_articulatory_suppresion,serial_recall,3.0,none,0,15,m,h,15,False,0,0
5,serial_recall_articulatory_suppresion,serial_recall,3.0,none,0,1,v,v,1,True,0,0
5,serial_recall_articulatory_suppresion,serial_recall,3.0,none,0,2,c,c,2,True,0,0
5,serial_recall_articulatory_suppresion,serial_recall,3.0,none,0,3,l,l,3,True,0,0
5,serial_recall_articulatory_suppresion,serial_recall,3.0,none,0,4,q,q,4,True,0,0
5,serial_recall_articulatory_suppresion,serial_recall,3.0,none,0,5,d,k,5,False,0,0
5,serial_recall_articulatory_suppresion,serial_recall,3.0,none,0,6,h,h,6,True,0,0
5,serial_recall_articulatory_suppresion,serial_recall,3.0,none,0,7,p,f,7,False,0,0
5,serial_recall_articulatory_suppresion,serial_recall,3.0,none,0,8,x,r,8,False,0,0
5,serial_recall_articulatory_suppresion,serial_recall,3.0,none,0,9,b,m,9,False,0,0
5,serial_recall_articulatory_suppresion,serial_recall,3.0,none,0,10,g,t,10,False,0,0
5,serial_recall_articulatory_suppresion,serial_recall,3.0,none,0,11,j,z,11,False,0,0
5,serial_recall_articulatory_suppresion,serial_recall,3.0,none,0,12,w,a,12,False,0,0
5,serial_recall_articulatory_suppresion,serial_recall,3.0,none,0,13,n,s,13,False,0,0
5,serial_recall_articulatory_suppresion,serial_recall,3.0,none,0,14,e,e,14,True,0,0
5,serial_recall_articulatory_suppresion,serial_recall,3.0,none,0,15,r,r,15,True,0,0
1,serial_recall_finger_tapping,serial_recall,3.0,none,0,1,o,o,1,True,0,0
1,serial_recall_finger_tapping,serial_recall,3.0,none,0,2,c,c,2,True,0,0
1,serial_recall_finger_tapping,serial_recall,3.0,none,0,3,x,x,3,True,0,0
1,serial_recall_finger_tapping,serial_recall,3.0,none,0,4,a,a,4,True,0,0
1,serial_recall_finger_tapping,serial_recall,3.0,none,0,5,m,e,5,False,0,0
1,serial_recall_finger_tapping,serial_recall,3.0,none,0,6,e,y,6,False,0,0
1,serial_recall_finger_tapping,serial_recall,3.0,none,0,7,s,t,7,False,0,0
1,serial_recall_finger_tapping,serial_recall,3.0,none,0,8,f,b,8,False,0,0
1,serial_recall_finger_tapping,serial_recall,3.0,none,0,9,h,n,9,False,0,0
1,serial_recall_finger_tapping,serial_recall,3.0,none,0,10,i,m,10,False,0,0
1,serial_recall_finger_tapping,serial_recall,3.0,none,0,11,b,c,11,False,0,0
1,serial_recall_finger_tapping,serial_recall,3.0,none,0,12,g,z,12,False,0,0
1,serial_recall_finger_tapping,serial_recall,3.0,none,0,13,y,g,13,False,0,0
1,serial_recall_finger_tapping,serial_recall,3.0,none,0,14,j,y,14,False,0,0
1,serial_recall_finger_tapping,serial_recall,3.0,none,0,15,p,j,15,False,0,0
2,serial_recall_finger_tapping,serial_recall,3.0,none,0,1,n,n,1,True,0,0
2,serial_recall_finger_tapping,serial_recall,3.0,none,0,2,h,h,2,True,0,0
2,serial_recall_finger_tapping,serial_recall,3.0,none,0,3,x,z,3,False,0,0
2,serial_recall_finger_tapping,serial_recall,3.0,none,0,4,m,a,4,False,0,0
2,serial_recall_finger_tapping,serial_recall,3.0,none,0,5,a,m,5,False,0,0
2,serial_recall_finger_tapping,serial_recall,3.0,none,0,6,l,k,6,False,0,0
2,serial_recall_finger_tapping,serial_recall,3.0,none,0,7,i,l,7,False,0,0
2,serial_recall_finger_tapping,serial_recall,3.0,none,0,8,e,o,8,False,0,0
2,serial_recall_finger_tapping,serial_recall,3.0,none,0,9,z,t,9,False,0,0
2,serial_recall_finger_tapping,serial_recall,3.0,none,0,10,f,y,10,False,0,0
2,serial_recall_finger_tapping,serial_recall,3.0,none,0,11,o,p,11,False,0,0
2,serial_recall_finger_tapping,serial_recall,3.0,none,0,12,p,c,12,False,0,0
2,serial_recall_finger_tapping,serial_recall,3.0,none,0,13,c,d,13,False,0,0
2,serial_recall_finger_tapping,serial_recall,3.0,none,0,14,d,q,14,False,0,0
2,serial_recall_finger_tapping,serial_recall,3.0,none,0,15,q,q,15,True,0,0
3,serial_recall_finger_tapping,serial_recall,3.0,none,0,1,k,k,1,True,0,0
3,serial_recall_finger_tapping,serial_recall,3.0,none,0,2,d,d,2,True,0,0
3,serial_recall_finger_tapping,serial_recall,3.0,none,0,3,p,p,3,True,0,0
3,serial_recall_finger_tapping,serial_recall,3.0,none,0,4,v,v,4,True,0,0
3,serial_recall_finger_tapping,serial_recall,3.0,none,0,5,g,g,5,True,0,0
3,serial_recall_finger_tapping,serial_recall,3.0,none,0,6,z,q,6,False,0,0
3,serial_recall_finger_tapping,serial_recall,3.0,none,0,7,a,x,7,False,0,0
3,serial_recall_finger_tapping,serial_recall,3.0,none,0,8,n,r,8,False,0,0
3,serial_recall_finger_tapping,serial_recall,3.0,none,0,9,t,t,9,True,0,0
3,serial_recall_finger_tapping,serial_recall,3.0,none,0,10,j,y,10,False,0,0
3,serial_recall_finger_tapping,serial_recall,3.0,none,0,11,h,v,11,False,0,0
3,serial_recall_finger_tapping,serial_recall,3.0,none,0,12,f,b,12,False,0,0
3,serial_recall_finger_tapping,serial_recall,3.0,none,0,13,c,m,13,False,0,0
3,serial_recall_finger_tapping,serial_recall,3.0,none,0,14,m,y,14,False,0,0
3,serial_recall_finger_tapping,serial_recall,3.0,none,0,15,y,y,15,True,0,0
4,serial_recall_finger_tapping,serial_recall,3.0,none,0,1,h,h,1,True,0,0
4,serial_recall_finger_tapping,serial_recall,3.0,none,0,2,l,l,2,True,0,0
4,serial_recall_finger_tapping,serial_recall,3.0,none,0,3,z,z,3,True,0,0
4,serial_recall_finger_tapping,serial_recall,3.0,none,0,4,j,j,4,True,0,0
4,serial_recall_finger_tapping,serial_recall,3.0,none,0,5,k,k,5,True,0,0
4,serial_recall_finger_tapping,serial_recall,3.0,none,0,6,m,o,6,False,0,0
4,serial_recall_finger_tapping,serial_recall,3.0,none,0,7,o,g,7,False,0,0
4,serial_recall_finger_tapping,serial_recall,3.0,none,0,8,v,r,8,False,0,0
4,serial_recall_finger_tapping,serial_recall,3.0,none,0,9,i,t,9,False,0,0
4,serial_recall_finger_tapping,serial_recall,3.0,none,0,10,w,c,10,False,0,0
4,serial_recall_finger_tapping,serial_recall,3.0,none,0,11,g,n,11,False,0,0
4,serial_recall_finger_tapping,serial_recall,3.0,none,0,12,r,m,12,False,0,0
4,serial_recall_finger_tapping,serial_recall,3.0,none,0,13,u,w,13,False,0,0
4,serial_recall_finger_tapping,serial_recall,3.0,none,0,14,d,t,14,False,0,0
4,serial_recall_finger_tapping,serial_recall,3.0,none,0,15,y,y,15,True,0,0
5,serial_recall_finger_tapping,serial_recall,3.0,none,0,1,k,k,1,True,0,0
5,serial_recall_finger_tapping,serial_recall,3.0,none,0,2,o,o,2,True,0,0
5,serial_recall_finger_tapping,serial_recall,3.0,none,0,3,a,a,3,True,0,0
5,serial_recall_finger_tapping,serial_recall,3.0,none,0,4,u,u,4,True,0,0
5,serial_recall_finger_tapping,serial_recall,3.0,none,0,5,z,z,5,True,0,0
5,serial_recall_finger_tapping,serial_recall,3.0,none,0,6,r,v,6,False,0,0
5,serial_recall_finger_tapping,serial_recall,3.0,none,0,7,n,t,7,False,0,0
5,serial_recall_finger_tapping,serial_recall,3.0,none,0,8,w,r,8,False,0,0
5,serial_recall_finger_tapping,serial_recall,3.0,none,0,9,f,f,9,True,0,0
5,serial_recall_finger_tapping,serial_recall,3.0,none,0,10,j,g,10,False,0,0
5,serial_recall_finger_tapping,serial_recall,3.0,none,0,11,t,h,11,False,0,0
5,serial_recall_finger_tapping,serial_recall,3.0,none,0,12,e,q,12,False,0,0
5,serial_recall_finger_tapping,serial_recall,3.0,none,0,13,p,l,13,False,0,0
5,serial_recall_finger_tapping,serial_recall,3.0,none,0,14,l,l,14,True,0,0
5,serial_recall_finger_tapping,serial_recall,3.0,none,0,15,c,c,15,True,0,0
1,serial_recall_finger_tapping,serial_recall,3.0,none,0,1,q,q,1,True,0,0
1,serial_recall_finger_tapping,serial_recall,3.0,none,0,2,m,m,2,True,0,0
1,serial_recall_finger_tapping,serial_recall,3.0,none,0,3,t,t,3,True,0,0
1,serial_recall_finger_tapping,serial_recall,3.0,none,0,4,b,b,4,True,0,0
1,serial_recall_finger_tapping,serial_recall,3.0,none,0,5,h,r,5,False,0,0
1,serial_recall_finger_tapping,serial_recall,3.0,none,0,6,z,k,6,False,0,0
1,serial_recall_finger_tapping,serial_recall,3.0,none,0,7,f,r,7,False,0,0
1,serial_recall_finger_tapping,serial_recall,3.0,none,0,8,n,a,8,False,0,0
1,serial_recall_finger_tapping,serial_recall,3.0,none,0,9,c,s,9,False,0,0
1,serial_recall_finger_tapping,serial_recall,3.0,none,0,10,w,d,10,False,0,0
1,serial_recall_finger_tapping,serial_recall,3.0,none,0,11,y,l,11,False,0,0
1,serial_recall_finger_tapping,serial_recall,3.0,none,0,12,g,v,12,False,0,0
1,serial_recall_finger_tapping,serial_recall,3.0,none,0,13,u,p,13,False,0,0
1,serial_recall_finger_tapping,serial_recall,3.0,none,0,14,x,u,14,False,0,0
1,serial_recall_finger_tapping,serial_recall,3.0,none,0,15,j,j,15,True,0,0
2,serial_recall_finger_tapping,serial_recall,3.0,none,0,1,d,d,1,True,0,0
2,serial_recall_finger_tapping,serial_recall,3.0,none,0,2,k,k,2,True,0,0
2,serial_recall_finger_tapping,serial_recall,3.0,none,0,3,p,p,3,True,0,0
2,serial_recall_finger_tapping,serial_recall,3.0,none,0,4,v,x,4,False,0,0
2,serial_recall_finger_tapping,serial_recall,3.0,none,0,5,a,z,5,False,0,0
2,serial_recall_finger_tapping,serial_recall,3.0,none,0,6,r,m,6,False,0,0
2,serial_recall_finger_tapping,serial_recall,3.0,none,0,7,y,c,7,False,0,0
2,serial_recall_finger_tapping,serial_recall,3.0,none,0,8,f,n,8,False,0,0
2,serial_recall_finger_tapping,serial_recall,3.0,none,0,9,s,g,9,False,0,0
2,serial_recall_finger_tapping,serial_recall,3.0,none,0,10,m,t,10,False,0,0
2,serial_recall_finger_tapping,serial_recall,3.0,none,0,11,h,q,11,False,0,0
2,serial_recall_finger_tapping,serial_recall,3.0,none,0,12,x,e,12,False,0,0
2,serial_recall_finger_tapping,serial_recall,3.0,none,0,13,n,x,13,False,0,0
2,serial_recall_finger_tapping,serial_recall,3.0,none,0,14,c,c,14,True,0,0
2,serial_recall_finger_tapping,serial_recall,3.0,none,0,15,w,w,15,True,0,0
3,serial_recall_finger_tapping,serial_recall,3.0,none,0,1,l,l,1,True,0,0
3,serial_recall_finger_tapping,serial_recall,3.0,none,0,2,e,e,2,True,0,0
3,serial_recall_finger_tapping,serial_recall,3.0,none,0,3,s,s,3,True,0,0
3,serial_recall_finger_tapping,serial_recall,3.0,none,0,4,q,q,4,True,0,0
3,serial_recall_finger_tapping,serial_recall,3.0,none,0,5,n,n,5,True,0,0
3,serial_recall_finger_tapping,serial_recall,3.0,none,0,6,b,g,6,False,0,0
3,serial_recall_finger_tapping,serial_recall,3.0,none,0,7,z,t,7,False,0,0
3,serial_recall_finger_tapping,serial_recall,3.0,none,0,8,k,a,8,False,0,0
3,serial_recall_finger_tapping,serial_recall,3.0,none,0,9,d,r,9,False,0,0
3,serial_recall_finger_tapping,serial_recall,3.0,none,0,10,x,m,10,False,0,0
3,serial_recall_finger_tapping,serial_recall,3.0,none,0,11,h,v,11,False,0,0
3,serial_recall_finger_tapping,serial_recall,3.0,none,0,12,u,c,12,False,0,0
3,serial_recall_finger_tapping,serial_recall,3.0,none,0,13,j,f,13,False,0,0
3,serial_recall_finger_tapping,serial_recall,3.0,none,0,14,y,y,14,True,0,0
3,serial_recall_finger_tapping,serial_recall,3.0,none,0,15,p,p,15,True,0,0
4,serial_recall_finger_tapping,serial_recall,3.0,none,0,1,a,a,1,True,0,0
4,serial_recall_finger_tapping,serial_recall,3.0,none,0,2,f,f,2,True,0,0
4,serial_recall_finger_tapping,serial_recall,3.0,none,0,3,r,r,3,True,0,0
4,serial_recall_finger_tapping,serial_recall,3.0,none,0,4,o,o,4,True,0,0
4,serial_recall_finger_tapping,serial_recall,3.0,none,0,5,t,t,5,True,0,0
4,serial_recall_finger_tapping,serial_recall,3.0,none,0,6,c,n,6,False,0,0
4,serial_recall_finger_tapping,serial_recall,3.0,none,0,7,y,b,7,False,0,0
4,serial_recall_finger_tapping,serial_recall,3.0,none,0,8,m,k,8,False,0,0
4,serial_recall_finger_tapping,serial_recall,3.0,none,0,9,z,d,9,False,0,0
4,serial_recall_finger_tapping,serial_recall,3.0,none,0,10,h,w,10,False,0,0
4,serial_recall_finger_tapping,serial_recall,3.0,none,0,11,v,s,11,False,0,0
4,serial_recall_finger_tapping,serial_recall,3.0,none,0,12,q,l,12,False,0,0
4,serial_recall_finger_tapping,serial_recall,3.0,none,0,13,j,x,13,False,0,0
4,serial_recall_finger_tapping,serial_recall,3.0,none,0,14,g,g,14,True,0,0
4,serial_recall_finger_tapping,serial_recall,3.0,none,0,15,n,n,15,True,0,0
5,serial_recall_finger_tapping,serial_recall,3.0,none,0,1,i,i,1,True,0,0
5,serial_recall_finger_tapping,serial_recall,3.0,none,0,2,c,c,2,True,0,0
5,serial_recall_finger_tapping,serial_recall,3.0,none,0,3,w,w,3,True,0,0
5,serial_recall_finger_tapping,serial_recall,3.0,none,0,4,k,k,4,True,0,0
5,serial_recall_finger_tapping,serial_recall,3.0,none,0,5,m,k,5,False,0,0
5,serial_recall_finger_tapping,serial_recall,3.0,none,0,6,e,t,6,False,0,0
5,serial_recall_finger_tapping,serial_recall,3.0,none,0,7,z,a,7,False,0,0
5,serial_recall_finger_tapping,serial_recall,3.0,none,0,8,p,r,8,False,0,0
5,serial_recall_finger_tapping,serial_recall,3.0,none,0,9,b,h,9,False,0,0
5,serial_recall_finger_tapping,serial_recall,3.0,none,0,10,u,n,10,False,0,0
5,serial_recall_finger_tapping,serial_recall,3.0,none,0,11,g,f,11,False,0,0
5,serial_recall_finger_tapping,serial_recall,3.0,none,0,12,s,q,12,False,0,0
5,serial_recall_finger_tapping,serial_recall,3.0,none,0,13,d,y,13,False,0,0
5,serial_recall_finger_tapping,serial_recall,3.0,none,0,14,x,x,14,True,0,0
5,serial_recall_finger_tapping,serial_recall,3.0,none,0,15,o,o,15,True,0,0
1,serial_recall_finger_tapping,serial_recall,3.0,none,0,1,r,r,1,True,0,0
1,serial_recall_finger_tapping,serial_recall,3.0,none,0,2,k,k,2,True,0,0
1,serial_recall_finger_tapping,serial_recall,3.0,none,0,3,v,v,3,True,0,0
1,serial_recall_finger_tapping,serial_recall,3.0,none,0,4,d,d,4,True,0,0
1,serial_recall_finger_tapping,serial_recall,3.0,none,0,5,m,q,5,False,0,0
1,serial_recall_finger_tapping,serial_recall,3.0,none,0,6,t,b,6,False,0,0
1,serial_recall_finger_tapping,serial_recall,3.0,none,0,7,g,n,7,False,0,0
1,serial_recall_finger_tapping,serial_recall,3.0,none,0,8,x,c,8,False,0,0
1,serial_recall_finger_tapping,serial_recall,3.0,none,0,9,p,z,9,False,0,0
1,serial_recall_finger_tapping,serial_recall,3.0,none,0,10,f,w,10,False,0,0
1,serial_recall_finger_tapping,serial_recall,3.0,none,0,11,a,l,11,False,0,0
1,serial_recall_finger_tapping,serial_recall,3.0,none,0,12,j,h,12,False,0,0
1,serial_recall_finger_tapping,serial_recall,3.0,none,0,13,s,u,13,False,0,0
1,serial_recall_finger_tapping,serial_recall,3.0,none,0,14,y,e,14,False,0,0
1,serial_recall_finger_tapping,serial_recall,3.0,none,0,15,n,n,15,True,0,0
2,serial_recall_finger_tapping,serial_recall,3.0,none,0,1,c,c,1,True,0,0
2,serial_recall_finger_tapping,serial_recall,3.0,none,0,2,h,h,2,True,0,0
2,serial_recall_finger_tapping,serial_recall,3.0,none,0,3,q,b,3,False,0,0
2,serial_recall_finger_tapping,serial_recall,3.0,none,0,4,z,m,4,False,0,0
2,serial_recall_finger_tapping,serial_recall,3.0,none,0,5,a,a,5,True,0,0
2,serial_recall_finger_tapping,serial_recall,3.0,none,0,6,f,r,6,False,0,0
2,serial_recall_finger_tapping,serial_recall,3.0,none,0,7,w,t,7,False,0,0
2,serial_recall_finger_tapping,serial_recall,3.0,none,0,8,j,k,8,False,0,0
2,serial_recall_finger_tapping,serial_recall,3.0,none,0,9,s,d,9,False,0,0
2,serial_recall_finger_tapping,serial_recall,3.0,none,0,10,p,v,10,False,0,0
2,serial_recall_finger_tapping,serial_recall,3.0,none,0,11,x,g,11,False,0,0
2,serial_recall_finger_tapping,serial_recall,3.0,none,0,12,n,y,12,False,0,0
2,serial_recall_finger_tapping,serial_recall,3.0,none,0,13,u,n,13,False,0,0
2,serial_recall_finger_tapping,serial_recall,3.0,none,0,14,l,l,14,True,0,0
2,serial_recall_finger_tapping,serial_recall,3.0,none,0,15,e,e,15,True,0,0
3,serial_recall_finger_tapping,serial_recall,3.0,none,0,1,b,b,1,True,0,0
3,serial_recall_finger_tapping,serial_recall,3.0,none,0,2,y,y,2,True,0,0
3,serial_recall_finger_tapping,serial_recall,3.0,none,0,3,m,m,3,True,0,0
3,serial_recall_finger_tapping,serial_recall,3.0,none,0,4,g,g,4,True,0,0
3,serial_recall_finger_tapping,serial_recall,3.0,none,0,5,r,k,5,False,0,0
3,serial_recall_finger_tapping,serial_recall,3.0,none,0,6,n,q,6,False,0,0
3,serial_recall_finger_tapping,serial_recall,3.0,none,0,7,d,f,7,False,0,0
3,serial_recall_finger_tapping,serial_recall,3.0,none,0,8,x,s,8,False,0,0
3,serial_recall_finger_tapping,serial_recall,3.0,none,0,9,v,a,9,False,0,0
3,serial_recall_finger_tapping,serial_recall,3.0,none,0,10,j,w,10,False,0,0
3,serial_recall_finger_tapping,serial_recall,3.0,none,0,11,c,h,11,False,0,0
3,serial_recall_finger_tapping,serial_recall,3.0,none,0,12,t,p,12,False,0,0
3,serial_recall_finger_tapping,serial_recall,3.0,none,0,13,o,o,13,True,0,0
3,serial_recall_finger_tapping,serial_recall,3.0,none,0,14,z,i,14,False,0,0
3,serial_recall_finger_tapping,serial_recall,3.0,none,0,15,k,k,15,True,0,0
4,serial_recall_finger_tapping,serial_recall,3.0,none,0,1,t,t,1,True,0,0
4,serial_recall_finger_tapping,serial_recall,3.0,none,0,2,p,p,2,True,0,0
4,serial_recall_finger_tapping,serial_recall,3.0,none,0,3,f,f,3,True,0,0
4,serial_recall_finger_tapping,serial_recall,3.0,none,0,4,w,c,4,False,0,0
4,serial_recall_finger_tapping,serial_recall,3.0,none,0,5,a,d,5,False,0,0
4,serial_recall_finger_tapping,serial_recall,3.0,none,0,6,l,m,6,False,0,0
4,serial_recall_finger_tapping,serial_recall,3.0,none,0,7,s,q,7,False,0,0
4,serial_recall_finger_tapping,serial_recall,3.0,none,0,8,k,n,8,False,0,0
4,serial_recall_finger_tapping,serial_recall,3.0,none,0,9,e,r,9,False,0,0
4,serial_recall_finger_tapping,serial_recall,3.0,none,0,10,z,v,10,False,0,0
4,serial_recall_finger_tapping,serial_recall,3.0,none,0,11,i,g,11,False,0,0
4,serial_recall_finger_tapping,serial_recall,3.0,none,0,12,n,b,12,False,0,0
4,serial_recall_finger_tapping,serial_recall,3.0,none,0,13,u,x,13,False,0,0
4,serial_recall_finger_tapping,serial_recall,3.0,none,0,14,o,o,14,True,0,0
4,serial_recall_finger_tapping,serial_recall,3.0,none,0,15,y,y,15,True,0,0
5,serial_recall_finger_tapping,serial_recall,3.0,none,0,1,x,x,1,True,0,0
5,serial_recall_finger_tapping,serial_recall,3.0,none,0,2,e,e,2,True,0,0
5,serial_recall_finger_tapping,serial_recall,3.0,none,0,3,j,j,3,True,0,0
5,serial_recall_finger_tapping,serial_recall,3.0,none,0,4,r,r,4,True,0,0
5,serial_recall_finger_tapping,serial_recall,3.0,none,0,5,k,z,5,False,0,0
5,serial_recall_finger_tapping,serial_recall,3.0,none,0,6,v,t,6,False,0,0
5,serial_recall_finger_tapping,serial_recall,3.0,none,0,7,c,a,7,False,0,0
5,serial_recall_finger_tapping,serial_recall,3.0,none,0,8,m,q,8,False,0,0
5,serial_recall_finger_tapping,serial_recall,3.0,none,0,9,s,f,9,False,0,0
5,serial_recall_finger_tapping,serial_recall,3.0,none,0,10,d,n,10,False,0,0
5,serial_recall_finger_tapping,serial_recall,3.0,none,0,11,h,b,11,False,0,0
5,serial_recall_finger_tapping,serial_recall,3.0,none,0,12,l,w,12,False,0,0
5,serial_recall_finger_tapping,serial_recall,3.0,none,0,13,g,g,13,True,0,0
5,serial_recall_finger_tapping,serial_recall,3.0,none,0,14,u,u,14,True,0,0
5,serial_recall_finger_tapping,serial_recall,3.0,none,0,15,o,p,15,False,0,0